disaster_number,incident_type,designated_area,state,region,programs_declared
608,Tornado,"Hartford (County)(in PMSA 1170,3280,5440)",CT,Northeast,1
609,Earthquake,Imperial (County),CA,West,2
612,Flood,Jefferson (County),WA,West,1
613,Flood,Maui (County),HI,West,1
614,Flood,Yavapai (County),AZ,Southwest,2
615,Flood,Orange (County),CA,West,2
616,Flood,Jefferson (Parish),LA,Southeast,1
617,Tornado,Lonoke (County),AR,Southeast,1
618,Severe Storm(s),Forrest (County),MS,Southeast,2
619,Severe Storm(s),Lee (County),AL,Southeast,1
620,Tornado,Pettis (County),MO,Midwest,1
621,Tornado,Kalamazoo (County),MI,Midwest,2
623,Volcano,Benton (County),WA,West,2
622,Flood,Acadia (Parish),LA,Southeast,1
624,Volcano,Benewah (County),ID,West,2
625,Tornado,Hall (County),NE,Midwest,2
626,Flood,Chippewa (County),WI,Midwest,2
627,Hurricane,Jim Hogg (County),TX,Southwest,2
628,Flood,Jackson (County),WV,Southeast,2
629,Flood,Butler (County),PA,Northeast,2
630,Flood,Columbiana (County),OH,Midwest,2
631,Flood,Wayne (County),MI,Midwest,1
632,Flood,Jefferson (County),TX,Southwest,2
633,Flood,San Joaquin (County),CA,West,1
635,Fire,Orange (County),CA,West,2
638,Severe Storm(s),Russell (County),AL,Southeast,2
639,Flood,Mobile (County),AL,Southeast,2
640,Flood,Meagher (County),MT,West,2
641,Flood,Crawford (County),PA,Northeast,2
643,Severe Storm(s),Schuyler (County),IL,Midwest,2
642,Severe Storm(s),Putnam (County),OH,Midwest,1
644,Severe Storm(s),Barton (County),KS,Midwest,1
645,Flood,Clark (County),NV,West,1
646,Flood,Lavaca (County),TX,Southwest,2
648,Flood,Cooke (County),TX,Southwest,2
649,Flood,Coal (County),OK,Southwest,1
650,Fire,"Essex (County)(in PMSA 1120,4160,7090)",MA,Northeast,2
651,Flood,Santa Cruz (County),CA,West,2
652,Flood,Starke (County),IN,Midwest,1
653,Flood,Defiance (County),OH,Midwest,2
654,Flood,Berrien (County),MI,Midwest,1
655,Tornado,Lamar (County),TX,Southwest,2
656,Flood,Maui (County),HI,West,1
657,Fire,Orange (County),CA,West,1
658,Flood,Adams (County),ND,Midwest,1
659,Flood,Wichita (County),TX,Southwest,1
660,Tornado,Williamson (County),IL,Midwest,2
661,Flood,"Fairfield (County)(in PMSA 1160,1930,5760,8040)",CT,Northeast,2
662,Flood,Washita (County),OK,Southwest,1
663,Flood,Statewide,KS,Midwest,3
664,Flood,DeSoto (County),FL,Southeast,1
665,Flood,Larimer (County),CO,West,2
666,Flood,Smith (County),TN,Southeast,2
667,Flood,Clay (County),MO,Midwest,1
668,Flood,Gibson (County),TN,Southeast,1
669,Flood,San Joaquin (County),CA,West,1
670,Flood,Letcher (County),KY,Southeast,1
671,Typhoon,Honolulu (County),HI,West,2
672,Flood,Lincoln (County),MO,Midwest,1
674,Severe Storm(s),Jersey (County),IL,Midwest,2
673,Severe Storm(s),Garland (County),AR,Southeast,1
675,Flood,Beauregard (Parish),LA,Southeast,1
676,Flood,Whatcom (County),WA,West,1
677,Coastal Storm,Riverside (County),CA,West,2
678,Severe Storm(s),Lamar (County),MS,Southeast,2
679,Flood,East Baton Rouge (Parish),LA,Southeast,2
680,Flood,Weber (County),UT,West,2
682,Earthquake,Kings (County),CA,West,1
683,Severe Storm(s),Madison (County),MS,Southeast,1
684,Severe Storm(s),Franklin (County),IL,Midwest,1
685,Flood,Hughes (County),OK,Southwest,1
687,Flood,Imperial (County),CA,West,2
686,Flood,Yuma (County),AZ,Southwest,2
688,Flood,Sevier (County),AR,Southeast,1
689,Hurricane,Matagorda (County),TX,Southwest,1
690,Flood,San Bernardino (County),CA,West,1
691,Flood,Pinal (County),AZ,Southwest,2
692,Flood,Catron (County),NM,Southwest,1
693,Flood,Okfuskee (County),OK,Southwest,1
694,Earthquake,Gooding (County),ID,West,1
695,Severe Storm(s),Calhoun (County),AL,Southeast,1
696,Freezing,Cameron (County),TX,Southwest,1
697,Snow,Lemhi (County),ID,West,2
698,Freezing,Seminole (County),FL,Southeast,1
699,Tornado,Pitt (County),NC,Southeast,2
700,Tornado,Laurens (County),SC,Southeast,1
701,Flood,Cape May (County),NJ,Northeast,2
702,Flood,New York (County),NY,Northeast,1
703,Tornado,Lafayette (County),MS,Southeast,1
704,Tornado,Okmulgee (County),OK,Southwest,2
706,Flood,McDowell (County),WV,Southeast,1
705,Severe Storm(s),Taylor (County),KY,Southeast,1
707,Flood,Buchanan (County),VA,Southeast,2
708,Flood,Campbell (County),TN,Southeast,1
709,Flood,Rogers (County),OK,Southwest,1
710,Tornado,Iowa (County),WI,Midwest,2
712,Flood,Franklin (County),VT,Northeast,2
711,Flood,"Middlesex (County)(in (P)MSA 3280,5020,5480)",CT,Northeast,2
713,Flood,Atchison (County),MO,Midwest,1
714,Severe Storm(s),Atchison (County),KS,Midwest,1
715,Severe Storm(s),Pottawattamie (County),IA,Midwest,1
716,Tornado,Wayne (County),NE,Midwest,2
717,Flood,Lake (County),SD,Midwest,1
718,Tornado,Howard (County),NE,Midwest,2
719,Flood,Pitkin (County),CO,West,1
720,Flood,Utah (County),UT,West,1
721,Flood,Bedford (County),PA,Northeast,2
722,Flood,Lincoln (County),NM,Southwest,1
723,Flood,Clark (County),NV,West,1
724,Hurricane,New Hanover (County),NC,Southeast,2
725,Flood,Steuben (County),NY,Northeast,2
726,Flood,Cameron (County),TX,Southwest,2
727,Flood,Nueces (County),TX,Southwest,1
728,Flood,St. Martin (Parish),LA,Southeast,1
730,Severe Storm(s),Yuma (County),AZ,Southwest,2
731,Flood,Torrance (County),NM,Southwest,1
732,Freezing,Hardee (County),FL,Southeast,1
733,Flood,Oswego (County),NY,Northeast,1
734,Snow,Erie (County),NY,Northeast,1
735,Flood,Monroe (County),IL,Midwest,1
738,Tornado,Trumbull (County),OH,Midwest,2
737,Tornado,Clearfield (County),PA,Northeast,1
739,Fire,Santa Cruz (County),CA,West,2
740,Flood,Laramie (County),WY,West,2
741,Hurricane,Pearl River (County),MS,Southeast,2
742,Hurricane,Mobile (County),AL,Southeast,2
743,Hurricane,Wakulla (County),FL,Southeast,2
744,Flood,Oceana (County),MI,Midwest,2
745,Hurricane,Lackawanna (County),PA,Northeast,2
747,Hurricane,"Hartford (County)(in PMSA 1170,3280,5440)",CT,Northeast,1
748,Hurricane,"Washington (County)(in (P)MSA 5520,6480)",RI,Northeast,1
749,Hurricane,Atlantic (County),NJ,Northeast,1
750,Hurricane,Nassau (County),NY,Northeast,1
751,Hurricane,"Worcester (County) (in (P)MSA 1120,2600,9240)",MA,Northeast,1
752,Hurricane,Jefferson (Parish),LA,Southeast,2
753,Flood,Jefferson (County),WV,Southeast,2
755,Flood,Botetourt (County),VA,Southeast,2
754,Flood,Somerset (County),PA,Northeast,1
756,Hurricane,Jefferson (County),FL,Southeast,2
757,Flood,Jefferson (County),WA,West,1
758,Flood,Calaveras (County),CA,West,2
759,Flood,Storey (County),NV,West,1
760,Flood,Cache (County),UT,West,1
761,Flood,Chouteau (County),MT,West,1
762,Flood,Cowlitz (County),WA,West,1
763,Tornado,Nolan (County),TX,Southwest,1
764,Flood,Day (County),SD,Midwest,1
766,Flood,Allegheny (County),PA,Northeast,1
767,Tornado,Randolph (County),IN,Midwest,1
769,Flood,Spokane (County),WA,West,1
770,Flood,Milwaukee (County),WI,Midwest,2
771,Flood,Sullivan (County),NH,Northeast,1
773,Flood,Allegany (County),MD,Northeast,1
772,Tornado,Motley (County),TX,Southwest,1
774,Flood,Manistee (County),MI,Midwest,1
775,Flood,Kenosha (County),WI,Midwest,1
776,Flood,Jersey (County),IL,Midwest,2
779,Flood,Shelby (County),MO,Midwest,1
778,Flood,Mayes (County),OK,Southwest,1
777,Flood,Blaine (County),MT,West,2
780,Flood,Chautauqua (County),KS,Midwest,2
781,Flood,Tanana (ANV/ANVSA),AK,West,1
782,Flood,Kenai Peninsula (Borough),AK,West,2
784,Flood,Pacific (County),WA,West,1
787,Severe Storm(s),Jones (County),MS,Southeast,2
788,Flood,Cumberland (County),ME,Northeast,2
789,Flood,Merrimack (County),NH,Northeast,2
790,Flood,Hampshire (County),MA,Northeast,2
792,Flood,Ulster (County),NY,Northeast,2
793,Tornado,Rusk (County),TX,Southwest,1
794,Flood,Cotton (County),OK,Southwest,1
796,Flood,Marion (County),OH,Midwest,1
795,Flood,Mills (County),IA,Midwest,1
797,Severe Storm(s),Ramsey (County),MN,Midwest,2
798,Flood,DuPage (County),IL,Midwest,2
799,Earthquake,Los Angeles (County),CA,West,2
801,Snow,Columbia (County),NY,Northeast,1
802,Tornado,Madison (County),TX,Southwest,1
804,Tornado,Franklin (Parish),LA,Southeast,1
806,Tornado,Crittenden (County),AR,Southeast,2
807,Flood,Lonoke (County),AR,Southeast,1
808,Flood,Honolulu (County),HI,West,2
812,Flood,Orange (County),CA,West,1
813,Fire,Tanana (ANV/ANVSA),AK,West,1
814,Tornado,Pottawattamie (County),IA,Midwest,1
815,Fire,Yuba (County),CA,West,1
816,Hurricane,Hidalgo (County),TX,Southwest,1
817,Tornado,Lonoke (County),AR,Southeast,1
818,Tornado,Halifax (County),NC,Southeast,1
819,Tornado,Wayne (County),IL,Midwest,2
820,Flood,Washington (County),UT,West,1
821,Flood,Hart (County),KY,Southeast,2
822,Flood,Stevens (County),WA,West,1
823,Flood,Gregg (County),TX,Southwest,2
824,Flood,Norman (County),MN,Midwest,2
825,Flood,Cass (County),ND,Midwest,2
826,Freezing,Tanana (ANV/ANVSA),AK,West,1
827,Tornado,Cleveland (County),NC,Southeast,1
828,Severe Storm(s),Cass (County),TX,Southwest,1
829,Flood,La Salle (Parish),LA,Southeast,1
830,Flood,Franklin (County),ME,Northeast,1
831,Flood,Geauga (County),OH,Midwest,1
832,Flood,Wade Hampton (Census Area),AK,West,2
833,Tornado,Iberville (Parish),LA,Southeast,1
834,Flood,Clay (County),KY,Southeast,2
835,Flood,Iberville (Parish),LA,Southeast,1
837,Tornado,"New Haven (County)(in (P)MSA 1160,5480,8880)",CT,Northeast,2
836,Flood,Hardin (County),TX,Southwest,2
839,Severe Storm(s),Montgomery (County),MD,Northeast,1
840,Flood,Washington (County),VT,Northeast,1
843,Hurricane,Horry (County),SC,Southeast,2
844,Hurricane,Cabarrus (County),NC,Southeast,2
845,Earthquake,Solano (County),CA,West,2
846,Flood,Magoffin (County),KY,Southeast,2
847,Flood,Buchanan (County),VA,Southeast,2
848,Tornado,Madison (County),AL,Southeast,2
849,Flood,St. Charles (Parish),LA,Southeast,1
850,Freezing,Cameron (County),TX,Southwest,1
851,Freezing,Citrus (County),FL,Southeast,1
852,Flood,Pierce (County),WA,West,2
853,Flood,Clatsop (County),OR,West,1
856,Severe Storm(s),Morgan (County),AL,Southeast,2
857,Severe Storm(s),Early (County),GA,Southeast,1
858,Flood,Polk (County),TN,Southeast,2
859,Severe Storm(s),Union (County),MS,Southeast,2
860,Severe Ice Storm,Iroquois (County),IL,Midwest,1
861,Severe Storm(s),Autauga (County),AL,Southeast,2
862,Flood,Calhoun (County),FL,Southeast,1
863,Severe Storm(s),Bosque (County),TX,Southwest,1
865,Flood,Lafayette (County),AR,Southeast,2
866,Severe Storm(s),Atoka (County),OK,Southwest,2
867,Flood,Platte (County),MO,Midwest,2
868,Flood,Greene (County),IA,Midwest,1
869,Severe Storm(s),Jefferson (County),IN,Midwest,2
870,Severe Storm(s),Licking (County),OH,Midwest,2
871,Severe Storm(s),Edwards (County),IL,Midwest,1
872,Fire,Riverside (County),CA,West,1
873,Severe Storm(s),Buffalo (County),NE,Midwest,1
874,Severe Storm(s),Iowa (County),WI,Midwest,2
875,Flood,Caledonia (County),VT,Northeast,1
876,Flood,Coos (County),NH,Northeast,1
878,Tornado,Will (County),IL,Midwest,2
877,Flood,Monroe (County),WI,Midwest,1
879,Flood,Chickasaw (County),IA,Midwest,2
880,Flood,Jenkins (County),GA,Southeast,1
881,Flood,Sumter (County),SC,Southeast,2
883,Flood,Thurston (County),WA,West,2
884,Flood,Yavapai (County),AZ,Southwest,1
885,Flood,Lake (County),IN,Midwest,2
888,Severe Storm(s),Simpson (County),MS,Southeast,1
889,Flood,Roane (County),TN,Southeast,1
890,Flood,Madison (County),AL,Southeast,2
891,Flood,Fulton (County),IN,Midwest,1
893,Flood,Lee (County),KY,Southeast,1
894,Freezing,Merced (County),CA,West,1
895,Flood,Yalobusha (County),MS,Southeast,2
896,Flood,Whatcom (County),WA,West,1
897,Flood,Bacon (County),GA,Southeast,2
898,Snow,Wyoming (County),NY,Northeast,1
899,Severe Ice Storm,Newton (County),IN,Midwest,1
900,Severe Storm(s),Cameron (County),TX,Southwest,2
901,Snow,Aroostook (County),ME,Northeast,1
902,Flood,Natchitoches (Parish),LA,Southeast,1
903,Tornado,Wabaunsee (County),KS,Midwest,1
904,Severe Storm(s),La Salle (Parish),LA,Southeast,1
905,Tornado,Pawnee (County),OK,Southwest,2
906,Severe Storm(s),Oktibbeha (County),MS,Southeast,2
908,Flood,Sioux (County),NE,Midwest,1
907,Flood,Union (County),AR,Southeast,1
909,Snow,Bethel (Census Area),AK,West,1
910,Flood,Humphreys (County),TN,Southeast,1
911,Flood,Tama (County),IA,Midwest,1
912,Severe Storm(s),Dane (County),WI,Midwest,1
914,Hurricane,Suffolk (County),MA,Northeast,1
913,Hurricane,"Newport (County)(in PMSA 2480,6480)",RI,Northeast,2
915,Hurricane,Kennebec (County),ME,Northeast,2
916,Hurricane,"Hartford (County)(in PMSA 1170,3280,5440)",CT,Northeast,1
917,Hurricane,"Hillsborough (County)(in (P)MSA 4560,4760,5350)",NH,Northeast,1
918,Hurricane,Suffolk (County),NY,Northeast,1
919,Fire,Alameda (County),CA,West,2
920,Coastal Storm,Barnstable (County),MA,Northeast,2
921,Coastal Storm,Knox (County),ME,Northeast,1
922,Fire,Stevens (County),WA,West,2
923,Coastal Storm,"Rockingham (County)(in (P)MSA 4160,4760,6450)",NH,Northeast,2
930,Flood,McLennan (County),TX,Southwest,1
929,Severe Ice Storm,Steele (County),MN,Midwest,1
928,Severe Ice Storm,Carroll (County),IA,Midwest,1
933,Flood,Sussex (County),DE,Northeast,1
935,Flood,Ventura (County),CA,West,2
936,Severe Storm(s),Cape May (County),NJ,Northeast,1
938,Flood,Windsor (County),VT,Northeast,2
939,Tornado,Sharkey (County),MS,Southeast,1
937,Flood,Harris (County),TX,Southwest,1
940,Flood,Piscataquis (County),ME,Northeast,1
941,Flood,La Salle (County),IL,Midwest,2
942,Fire,Los Angeles (County),CA,West,2
943,Earthquake,Humboldt (County),CA,West,2
944,Flood,Rockbridge (County),VA,Southeast,2
945,Flood,Lea (County),NM,Southwest,2
946,Severe Storm(s),Nobles (County),MN,Midwest,1
948,Severe Storm(s),Miner (County),SD,Midwest,1
947,Earthquake,San Bernardino (County),CA,West,2
949,Tornado,Carson (County),TX,Southwest,1
950,Severe Storm(s),Hempstead (County),AR,Southeast,1
951,Severe Storm(s),Cuyahoga (County),OH,Midwest,2
952,Flood,Charlotte (County),FL,Southeast,1
953,Flood,Clark (County),IN,Midwest,2
954,Flood,Jefferson (County),NE,Midwest,1
955,Hurricane,Broward (County),FL,Southeast,2
956,Hurricane,Acadia (Parish),LA,Southeast,2
958,Fire,Calaveras (County),CA,West,2
959,Tornado,Waushara (County),WI,Midwest,2
960,Severe Storm(s),Martin (County),TX,Southwest,1
961,Hurricane,Honolulu (County),HI,West,2
962,Severe Storm(s),Switzerland (County),IN,Midwest,1
963,Tornado,Dane (County),WI,Midwest,1
964,Flood,Richland (County),WI,Midwest,2
965,Flood,Ringgold (County),IA,Midwest,1
966,Severe Storm(s),Pinellas (County),FL,Southeast,2
967,Tornado,Lowndes (County),MS,Southeast,2
968,Tornado,Amite (County),MS,Southeast,1
969,Tornado,Greene (County),GA,Southeast,2
970,Tornado,Harris (County),TX,Southwest,1
972,Flood,"Fairfield (County)(in PMSA 1160,1930,5760,8040)",CT,Northeast,2
973,Flood,Atlantic (County),NJ,Northeast,2
975,Coastal Storm,"Middlesex (County)(in (P)MSA 1120,2600,4560)",MA,Northeast,1
974,Flood,Rockland (County),NY,Northeast,2
976,Coastal Storm,Sussex (County),DE,Northeast,1
977,Flood,Apache (County),AZ,Southwest,2
978,Flood,Tangipahoa (Parish),LA,Southeast,1
979,Flood,Fresno (County),CA,West,2
980,Tornado,Hall (County),GA,Southeast,1
981,Severe Storm(s),Pierce (County),WA,West,1
982,Tornado,Baker (County),FL,Southeast,2
983,Flood,Merrick (County),NE,Midwest,1
986,Flood,Webster (County),IA,Midwest,1
987,Tornado,Rogers (County),OK,Southwest,1
985,Earthquake,Yamhill (County),OR,West,1
988,Flood,Hancock (County),ME,Northeast,1
989,Flood,Marion (County),MO,Midwest,1
991,Severe Storm(s),Grant (County),OK,Southwest,2
990,Flood,Addison (County),VT,Northeast,1
992,Flood,Grant (County),NM,Southwest,1
993,Severe Storm(s),Aitkin (County),MN,Midwest,2
994,Severe Storm(s),Marathon (County),WI,Midwest,1
997,Flood,Brown (County),IL,Midwest,2
996,Flood,Benton (County),IA,Midwest,2
995,Flood,Randolph (County),MO,Midwest,1
999,Severe Storm(s),Hanson (County),SD,Midwest,2
998,Flood,Butler (County),NE,Midwest,2
1000,Flood,Edwards (County),KS,Midwest,2
1001,Flood,Richland (County),ND,Midwest,2
1002,Severe Storm(s),Morgan (County),IN,Midwest,1
1003,Hurricane,Dare (County),NC,Southeast,2
1004,Earthquake,Klamath (County),OR,West,1
1005,Fire,San Diego (County),CA,West,2
1006,Severe Storm(s),Pulaski (County),MO,Midwest,1
1007,Severe Storm(s),Petersburg,VA,Southeast,1
1008,Earthquake,Ventura (County),CA,West,2
1009,Severe Storm(s),Calhoun (County),MS,Southeast,1
1012,Severe Storm(s),De Soto (Parish),LA,Southeast,1
1011,Snow,Bradley (County),AR,Southeast,1
1010,Severe Storm(s),Bledsoe (County),TN,Southeast,1
1013,Severe Storm(s),Cullman (County),AL,Southeast,1
1015,Severe Storm(s),Adams (County),PA,Northeast,1
1014,Snow,Brunswick (County),VA,Southeast,1
1018,Snow,Barren (County),KY,Southeast,1
1016,Snow,Anne Arundel (County),MD,Northeast,1
1017,Severe Storm(s),Kent (County),DE,Northeast,1
1019,Severe Storm(s),Marion (County),AL,Southeast,1
1020,Tornado,Bartow (County),GA,Southeast,2
1021,Severe Storm(s),Franklin (County),VA,Southeast,1
1022,Flood,Van Buren (County),TN,Southeast,2
1023,Severe Storm(s),Pulaski (County),MO,Midwest,1
1024,Severe Storm(s),Ottawa (County),OK,Southwest,1
1025,Severe Storm(s),Alexander (County),IL,Midwest,2
1026,Severe Storm(s),Dallas (County),TX,Southwest,1
1027,Snow,Frontier (County),NE,Midwest,1
1028,Freezing,Mackinac (County),MI,Midwest,1
1029,Flood,Aroostook (County),ME,Northeast,1
1031,Severe Storm(s),Clark (County),SD,Midwest,1
1032,Severe Storm(s),Pierce (County),ND,Midwest,1
1033,Tornado,Clay (County),GA,Southeast,2
1034,Severe Storm(s),Geneva (County),AL,Southeast,2
1035,Severe Storm(s),Liberty (County),FL,Southeast,2
1039,Severe Storm(s),Yukon-Koyukuk (Census Area),AK,West,2
1041,Flood,Brazos (County),TX,Southwest,1
1042,Severe Storm(s),Grady (County),GA,Southeast,2
1043,Severe Storm(s),Brevard (County),FL,Southeast,1
1044,Severe Storm(s),El Dorado (County),CA,West,2
1046,Severe Storm(s),Alpine (County),CA,West,2
1045,Snow,Buffalo (County),SD,Midwest,1
1047,Severe Storm(s),Winston (County),AL,Southeast,2
1049,Severe Storm(s),St. Bernard (Parish),LA,Southeast,2
1051,Severe Storm(s),Hancock (County),MS,Southeast,1
1050,Severe Storm(s),Cavalier (County),ND,Midwest,2
1052,Flood,Day (County),SD,Midwest,2
1053,Severe Storm(s),Brown (County),IL,Midwest,2
1054,Severe Storm(s),New Madrid (County),MO,Midwest,1
1055,Tornado,Adair (County),KY,Southeast,1
1056,Severe Storm(s),Tom Green (County),TX,Southwest,1
1057,Tornado,Cumberland (County),TN,Southeast,1
1058,Tornado,Cotton (County),OK,Southwest,1
1059,Severe Storm(s),Bath (County),VA,Southeast,2
1060,Severe Storm(s),Mercer (County),WV,Southeast,2
1061,Flood,Wasco (County),OR,West,1
1062,Hurricane,Walton (County),FL,Southeast,2
1063,Severe Storm(s),Essex (County),VT,Northeast,2
1064,Severe Storm(s),Beltrami (County),MN,Midwest,1
1065,Severe Storm(s),Champaign (County),OH,Midwest,1
1066,Severe Storm(s),Caddo (County),OK,Southwest,1
1070,Hurricane,Conecuh (County),AL,Southeast,2
1069,Hurricane,Escambia (County),FL,Southeast,2
1071,Hurricane,Barrow (County),GA,Southeast,2
1072,Flood,Kodiak Island (Borough),AK,West,1
1073,Flood,Wilkes (County),NC,Southeast,1
1074,Flood,St. Lucie (County),FL,Southeast,1
1076,Severe Storm(s),Dougherty (County),GA,Southeast,1
1079,Severe Storm(s),Whatcom (County),WA,West,2
1077,Flood,Cheshire (County),NH,Northeast,1
1075,Snow,Kingsbury (County),SD,Midwest,1
1078,Snow,Stevens (County),MN,Midwest,1
1081,Snow,Carroll (County),MD,Northeast,1
1083,Snow,Kings (County),NY,Northeast,1
1082,Snow,Kent (County),DE,Northeast,1
1089,Snow,Bath (County),KY,Southeast,1
1088,Snow,Essex (County),NJ,Northeast,1
1087,Snow,Alleghany (County),NC,Southeast,1
1086,Snow,Bland (County),VA,Southeast,1
1085,Snow,Bedford (County),PA,Northeast,1
1084,Snow,Berkeley (County),WV,Southeast,1
1093,Flood,Montgomery (County),PA,Northeast,1
1094,Flood,Frederick (County),MD,Northeast,2
1095,Flood,Schuyler (County),NY,Northeast,1
1092,Snow,"Hartford (County)(in PMSA 1170,3280,5440)",CT,Northeast,1
1091,Snow,"Newport (County)(in PMSA 2480,6480)",RI,Northeast,1
1090,Snow,Franklin (County),MA,Northeast,1
1096,Flood,Hampshire (County),WV,Southeast,2
1098,Flood,Washington (County),VA,Southeast,1
1097,Flood,Meigs (County),OH,Midwest,2
1100,Flood,Garfield (County),WA,West,2
1099,Flood,Josephine (County),OR,West,1
1102,Severe Storm(s),Bonner (County),ID,West,2
1101,Flood,Orleans (County),VT,Northeast,1
1105,Severe Storm(s),Jefferson (County),MT,West,1
1104,Severe Storm(s),Jackson (County),AL,Southeast,2
1103,Snow,Alexander (County),NC,Southeast,1
1106,Severe Storm(s),Androscoggin (County),ME,Northeast,1
1107,Severe Storm(s),Clatsop (County),OR,West,1
1108,Severe Storm(s),Dallas (County),AL,Southeast,1
1109,Flood,Bartholomew (County),IN,Midwest,1
1111,Severe Storm(s),Marion (County),AR,Southeast,1
1110,Severe Storm(s),Henry (County),IL,Midwest,2
1112,Severe Storm(s),Brown (County),IL,Midwest,1
1113,Severe Storm(s),Blaine (County),MT,West,1
1114,Severe Storm(s),Oxford (County),ME,Northeast,1
1115,Flood,Wetzel (County),WV,Southeast,2
1116,Flood,Aitkin (County),MN,Midwest,1
1117,Severe Storm(s),Bullitt (County),KY,Southeast,3
1118,Severe Storm(s),Cass (County),ND,Midwest,1
1119,Fire,Matanuska-Susitna (Borough),AK,West,2
1120,Flood,Bucks (County),PA,Northeast,1
1122,Flood,Hocking (County),OH,Midwest,1
1121,Severe Storm(s),Lee (County),IA,Midwest,1
1123,Severe Storm(s),Nemaha (County),NE,Midwest,1
1124,Flood,Windham (County),VT,Northeast,1
1125,Severe Storm(s),Knox (County),IN,Midwest,1
1127,Hurricane,Columbus (County),NC,Southeast,1
1128,Severe Storm(s),Bay (County),MI,Midwest,2
1129,Severe Storm(s),Will (County),IL,Midwest,2
1130,Flood,Venango (County),PA,Northeast,2
1131,Flood,Green (County),WI,Midwest,1
1132,Fire,Clay (County),WV,Southeast,2
1133,Severe Storm(s),Monona (County),IA,Midwest,1
1135,Hurricane,Bedford (County),VA,Southeast,1
1134,Hurricane,Caswell (County),NC,Southeast,2
1137,Severe Storm(s),Berkeley (County),WV,Southeast,2
1138,Flood,Huntingdon (County),PA,Northeast,2
1139,Hurricane,Frederick (County),MD,Northeast,1
1140,Flood,Dillon (County),SC,Southeast,1
1141,Severe Storm(s),Hernando (County),FL,Southeast,1
1142,Flood,"Essex (County)(in PMSA 1120,4160,7090)",MA,Northeast,2
1143,Flood,"York (County)(in MSA 6400,6450)",ME,Northeast,2
1144,Flood,"Rockingham (County)(in (P)MSA 4160,4760,6450)",NH,Northeast,2
1146,Severe Storm(s),New York (County),NY,Northeast,1
1145,Severe Storm(s),Hudson (County),NJ,Northeast,1
1147,Flood,Honolulu (County),HI,West,1
1148,Severe Storm(s),Franklin (County),NY,Northeast,1
1149,Flood,Lane (County),OR,West,1
1150,Flood,Tioga (County),PA,Northeast,2
1153,Severe Storm(s),Lyon (County),NV,West,2
1155,Severe Storm(s),Contra Costa (County),CA,West,2
1154,Severe Storm(s),Clearwater (County),ID,West,2
1152,Severe Ice Storm,Spokane (County),WA,West,1
1151,Severe Storm(s),Freeborn (County),MN,Midwest,1
1156,Severe Storm(s),Bon Homme (County),SD,Midwest,1
1157,Severe Storm(s),Barnes (County),ND,Midwest,2
1158,Severe Storm(s),Martin (County),MN,Midwest,1
1159,Severe Storm(s),Clark (County),WA,West,2
1160,Severe Storm(s),Jackson (County),OR,West,2
1161,Severe Storm(s),Harding (County),SD,Midwest,1
1162,Severe Storm(s),Lincoln (County),AR,Southeast,1
1163,Severe Storm(s),Calloway (County),KY,Southeast,1
1164,Severe Storm(s),Morgan (County),OH,Midwest,1
1165,Severe Storm(s),Harrison (County),IN,Midwest,2
1168,Flood,Putnam (County),WV,Southeast,2
1167,Tornado,Benton (County),TN,Southeast,2
1169,Severe Storm(s),Calcasieu (Parish),LA,Southeast,1
1170,Severe Storm(s),Gallatin (County),IL,Midwest,2
1172,Flood,King (County),WA,West,2
1171,Severe Storm(s),Sequatchie (County),TN,Southeast,2
1174,Flood,Bottineau (County),ND,Midwest,2
1173,Flood,Butte (County),SD,Midwest,2
1175,Flood,Benton (County),MN,Midwest,2
1176,Flood,Lafayette (County),AR,Southeast,1
1178,Flood,Tunica (County),MS,Southeast,1
1177,Severe Storm(s),Custer (County),ID,West,1
1180,Severe Storm(s),Washington (County),WI,Midwest,2
1179,Flood,Kerr (County),TX,Southwest,1
1181,Severe Storm(s),Saginaw (County),MI,Midwest,1
1182,Flood,Pend Oreille (County),WA,West,1
1184,Flood,Franklin (County),VT,Northeast,2
1183,Severe Storm(s),Madison (County),MT,West,1
1185,Severe Storm(s),Choctaw (County),AL,Southeast,2
1186,Flood,Crowley (County),CO,West,1
1187,Severe Storm(s),Isanti (County),MN,Midwest,2
1188,Severe Storm(s),Cook (County),IL,Midwest,1
1189,Severe Storm(s),Atlantic (County),NJ,Northeast,2
1190,Severe Storm(s),Buffalo (County),NE,Midwest,1
1191,Snow,Mahaska (County),IA,Midwest,1
1195,Severe Storm(s),Madison (County),FL,Southeast,1
1196,Snow,Essex (County),NY,Northeast,2
1198,Severe Storm(s),Franklin (County),ME,Northeast,2
1197,Severe Storm(s),Cannon (County),TN,Southeast,1
1201,Severe Storm(s),Orange (County),VT,Northeast,2
1200,Severe Storm(s),Robeson (County),NC,Southeast,2
1199,Severe Storm(s),Strafford (County),NH,Northeast,2
1202,Severe Storm(s),Guadalupe (County),NM,Southwest,1
1203,Severe Storm(s),Contra Costa (County),CA,West,2
1204,Severe Storm(s),Monroe (County),FL,Southeast,2
1205,Severe Storm(s),Sussex (County),DE,Northeast,1
1207,Severe Storm(s),Estill (County),KY,Southeast,1
1206,Coastal Storm,Ocean (County),NJ,Northeast,2
1208,Severe Storm(s),Conecuh (County),AL,Southeast,2
1209,Severe Storm(s),Bulloch (County),GA,Southeast,1
1211,Severe Storm(s),Nash (County),NC,Southeast,1
1212,Tornado,Blue Earth (County),MN,Midwest,1
1214,Severe Storm(s),Walker (County),AL,Southeast,1
1215,Severe Storm(s),Blount (County),TN,Southeast,1
1216,Severe Storm(s),Barren (County),KY,Southeast,2
1217,Severe Storm(s),Newton (County),IN,Midwest,1
1218,Flood,McCook (County),SD,Midwest,2
1219,Severe Storm(s),Somerset (County),PA,Northeast,2
1221,Flood,Crook (County),OR,West,2
1220,Flood,Cass (County),ND,Midwest,2
1222,Severe Storm(s),Chenango (County),NY,Northeast,1
1223,Fire,Dade (County),FL,Southeast,1
1225,Tornado,Jackson (County),MN,Midwest,1
1224,Flood,Suffolk (County),MA,Northeast,1
1226,Severe Storm(s),Ottawa (County),MI,Midwest,1
1228,Severe Storm(s),Addison (County),VT,Northeast,2
1227,Severe Storm(s),Holmes (County),OH,Midwest,1
1229,Severe Storm(s),Braxton (County),WV,Southeast,2
1232,Severe Storm(s),Kennebec (County),ME,Northeast,1
1230,Flood,Carroll (County),IA,Midwest,1
1231,Severe Storm(s),Carroll (County),NH,Northeast,2
1233,Severe Storm(s),Steuben (County),NY,Northeast,1
1234,Severe Storm(s),Crawford (County),IN,Midwest,1
1235,Severe Storm(s),Lawrence (County),TN,Southeast,2
1236,Severe Storm(s),Crawford (County),WI,Midwest,1
1237,Severe Storm(s),Macomb (County),MI,Midwest,1
1238,Severe Storm(s),Rock (County),WI,Midwest,2
1239,Severe Storm(s),Bandera (County),TX,Southwest,1
1240,Hurricane,Greene (County),NC,Southeast,1
1241,Hurricane,Dixie (County),FL,Southeast,2
1242,Hurricane,Virginia Beach,VA,Southeast,3
1243,Hurricane,Horry (County),SC,Southeast,2
1244,Severe Storm(s),Orleans (County),NY,Northeast,1
1246,Hurricane,St. Martin (Parish),LA,Southeast,1
1245,Severe Storm(s),Harris (County),TX,Southwest,2
1249,Hurricane,Bay (County),FL,Southeast,2
1250,Hurricane,Butler (County),AL,Southeast,2
1251,Hurricane,Pike (County),MS,Southeast,2
1252,Severe Storm(s),Stevens (County),WA,West,2
1254,Severe Storm(s),Linn (County),KS,Midwest,1
1253,Severe Storm(s),Moniteau (County),MO,Midwest,1
1255,Mud/Landslide,Cowlitz (County),WA,West,3
1256,Severe Storm(s),Jackson (County),MO,Midwest,2
1257,Flood,Jim Wells (County),TX,Southwest,2
1258,Severe Storm(s),Douglas (County),KS,Midwest,1
1259,Severe Storm(s),Palm Beach (County),FL,Southeast,1
1261,Severe Storm(s),Colbert (County),AL,Southeast,2
1260,Severe Storm(s),Campbell (County),TN,Southeast,2
1262,Severe Storm(s),Decatur (County),TN,Southeast,3
1264,Severe Storm(s),De Soto (Parish),LA,Southeast,2
1263,Severe Storm(s),Cumberland (County),ME,Northeast,2
1266,Severe Storm(s),Randolph (County),AR,Southeast,1
1265,Severe Ice Storm,Kemper (County),MS,Southeast,2
1267,Freezing,Tulare (County),CA,West,2
1268,Severe Ice Storm,Niobrara (County),WY,West,2
1269,Severe Storm(s),Bossier (Parish),LA,Southeast,3
1270,Severe Storm(s),Macon (County),MO,Midwest,1
1271,Severe Storm(s),Candler (County),GA,Southeast,1
1273,Tornado,Sedgwick (County),KS,Midwest,3
1272,Tornado,Payne (County),OK,Southwest,2
1274,Tornado,Titus (County),TX,Southwest,1
1275,Severe Storm(s),Chester (County),TN,Southeast,3
1276,Severe Storm(s),Crowley (County),CO,West,1
1277,Severe Storm(s),Buchanan (County),IA,Midwest,3
1278,Severe Storm(s),Jo Daviess (County),IL,Midwest,3
1279,Flood,Standing Rock Sioux Tribe of North & South Dakota,ND,Midwest,2
1280,Tornado,Oglala Sioux Tribe of the Pine Ridge Reservation,SD,Midwest,3
1281,Severe Storm(s),Clark (County),NV,West,3
1282,Severe Storm(s),Buchanan (County),IA,Midwest,2
1283,Severe Storm(s),Hubbard (County),MN,Midwest,2
1284,Flood,Iron (County),WI,Midwest,2
1285,Tornado,Salt Lake (County),UT,West,3
1286,Severe Storm(s),Washington (County),NE,Midwest,3
1287,Hurricane,Jim Hogg (County),TX,Southwest,1
1288,Severe Ice Storm,Red Lake (County),MN,Midwest,2
1289,Severe Storm(s),McKean (County),PA,Northeast,3
1290,Hurricane,Hampton,VA,Southeast,2
1291,Hurricane,Dare (County),NC,Southeast,2
1292,Hurricane,Camden (County),NC,Southeast,3
1295,Hurricane,Passaic (County),NJ,Northeast,3
1294,Hurricane,Delaware (County),PA,Northeast,3
1293,Hurricane,Lunenburg (County),VA,Southeast,1
1296,Hurricane,Rensselaer (County),NY,Northeast,2
1299,Hurricane,Chesterfield (County),SC,Southeast,1
1297,Hurricane,New Castle (County),DE,Northeast,3
1301,Severe Storm(s),Mescalero Tribe,NM,Southwest,2
1300,Hurricane,Indian River (County),FL,Southeast,2
1298,Flood,Lycoming (County),PA,Northeast,2
1302,Hurricane,"Litchfield (County)(in (P)MSA 1170,1930,3280,8880)",CT,Northeast,3
1303,Hurricane,Charles (County),MD,Northeast,3
1304,Severe Storm(s),Cochise (County),AZ,Southwest,2
1305,Hurricane,Cheshire (County),NH,Northeast,2
1306,Hurricane,Flagler (County),FL,Southeast,1
1307,Severe Storm(s),Orange (County),VT,Northeast,2
1308,Hurricane,Cumberland (County),ME,Northeast,2
1310,Tornado,Breckinridge (County),KY,Southeast,1
1311,Severe Storm(s),Carroll (County),GA,Southeast,2
1313,Severe Storm(s),Edgefield (County),SC,Southeast,1
1312,Severe Storm(s),Durham (County),NC,Southeast,2
1315,Severe Storm(s),Colquitt (County),GA,Southeast,3
1314,Snow,Claiborne (Parish),LA,Southeast,2
1316,Severe Storm(s),Dillingham (Census Area),AK,West,2
1317,Severe Storm(s),Jackson (County),AL,Southeast,1
1320,Severe Storm(s),Greenup (County),KY,Southeast,3
1319,Flood,Doddridge (County),WV,Southeast,3
1318,Severe Storm(s),Alleghany (County),VA,Southeast,2
1321,Severe Storm(s),Meigs (County),OH,Midwest,2
1322,Severe Storm(s),Tuscaloosa (County),AL,Southeast,2
1323,Tornado,Tarrant (County),TX,Southwest,3
1324,Severe Storm(s),Anne Arundel (County),MD,Northeast,2
1326,Severe Storm(s),Franklin (County),ME,Northeast,2
1327,Severe Storm(s),Neosho (County),KS,Midwest,3
1328,Flood,St. Francois (County),MO,Midwest,2
1329,Fire,Socorro (County),NM,Southwest,1
1330,Severe Storm(s),Oglala Lakota (County),SD,Midwest,2
1331,Severe Storm(s),Perry (County),TN,Southeast,2
1332,Severe Storm(s),Barron (County),WI,Midwest,1
1334,Severe Storm(s),Cavalier (County),ND,Midwest,1
1333,Severe Storm(s),Faribault (County),MN,Midwest,2
1335,Severe Storm(s),Cattaraugus (County),NY,Northeast,1
1336,Severe Storm(s),Windham (County),VT,Northeast,2
1337,Severe Storm(s),Sussex (County),NJ,Northeast,3
1339,Severe Storm(s),Lucas (County),OH,Midwest,2
1340,Fire,Northern Cheyenne Indian Reservation,MT,West,1
1341,Fire,Bingham (County),ID,West,1
1342,Earthquake,Napa (County),CA,West,2
1343,Severe Storm(s),Greene (County),OH,Midwest,3
1344,Severe Storm(s),Bay (County),FL,Southeast,2
1345,Severe Storm(s),Monroe (County),FL,Southeast,2
1346,Severe Storm(s),Wayne (County),MI,Midwest,2
1347,Severe Storm(s),Statewide,AZ,Southwest,1
1348,Severe Storm(s),Hawaii (County),HI,West,2
1349,Severe Storm(s),Carter (County),OK,Southwest,2
1350,Severe Storm(s),Roosevelt (County),MT,West,2
1351,Severe Storm(s),Crook (County),WY,West,2
1352,Severe Storm(s),Macon (County),AL,Southeast,2
1354,Severe Ice Storm,Calhoun (County),AR,Southeast,2
1353,Tornado,Cavalier (County),ND,Midwest,2
1355,Severe Ice Storm,Custer (County),OK,Southwest,1
1356,Severe Ice Storm,Floyd (County),TX,Southwest,1
1357,Severe Ice Storm,Claiborne (Parish),LA,Southeast,2
1358,Severe Storm(s),Bennington (County),VT,Northeast,2
1359,Freezing,Citrus (County),FL,Southeast,1
1360,Severe Storm(s),Coahoma (County),MS,Southeast,1
1361,Earthquake,Kittitas (County),WA,West,1
1362,Severe Storm(s),Walker (County),AL,Southeast,2
1363,Severe Storm(s),Cleveland (County),AR,Southeast,1
1364,Severe Storm(s),"Norfolk (County)(in PMSA 1120,1200,6060)",MA,Northeast,1
1365,Severe Storm(s),Holmes (County),MS,Southeast,3
1366,Severe Storm(s),Barton (County),KS,Midwest,3
1367,Severe Storm(s),Sac (County),IA,Midwest,2
1368,Flood,Adams (County),IL,Midwest,3
1369,Flood,Waupaca (County),WI,Midwest,1
1373,Severe Storm(s),Blaine (County),NE,Midwest,2
1370,Flood,Isanti (County),MN,Midwest,1
1371,Severe Storm(s),Oxford (County),ME,Northeast,2
1375,Flood,Gregory (County),SD,Midwest,1
1374,Severe Storm(s),Yuma (County),CO,West,2
1376,Flood,Mountrail (County),ND,Midwest,1
1377,Severe Storm(s),Crow Indian Reservation,MT,West,2
1378,Severe Storm(s),Roane (County),WV,Southeast,1
1379,Coastal Storm,Jasper (County),TX,Southwest,3
1380,Coastal Storm,Beauregard (Parish),LA,Southeast,2
1381,Severe Storm(s),Jefferson (County),FL,Southeast,3
1382,Severe Storm(s),George (County),MS,Southeast,2
1383,Severe Storm(s),Montgomery (County),PA,Northeast,3
1384,Severe Storm(s),Oklahoma (County),OK,Southwest,1
1385,Severe Storm(s),Missoula (County),MT,West,2
1386,Severe Storm(s),Buchanan (County),VA,Southeast,3
1388,Severe Storm(s),Estill (County),KY,Southeast,1
1387,Severe Storm(s),Unicoi (County),TN,Southeast,3
1390,Severe Storm(s),Clermont (County),OH,Midwest,2
1391,Fire,Cayuga (County),NY,Northeast,1
1393,Coastal Storm,Putnam (County),FL,Southeast,1
1394,Severe Storm(s),Dakota (County),NE,Midwest,2
1395,Severe Storm(s),Washita (County),OK,Southwest,3
1399,Severe Storm(s),Lawrence (County),AL,Southeast,2
1398,Severe Storm(s),DeSoto (County),MS,Southeast,2
1400,Severe Storm(s),Clay (County),AR,Southeast,2
1401,Severe Ice Storm,Comanche (County),OK,Southwest,1
1403,Severe Ice Storm,Ralls (County),MO,Midwest,2
1402,Severe Ice Storm,Kiowa (County),KS,Midwest,1
1404,Snow,Erie (County),NY,Northeast,2
1405,Severe Storm(s),Coos (County),OR,West,2
1406,Severe Storm(s),Wise (County),VA,Southeast,3
1407,Severe Storm(s),Lewis (County),KY,Southeast,1
1408,Severe Storm(s),Clay (County),TN,Southeast,1
1409,Tornado,Dorchester (County),MD,Northeast,2
1411,Severe Storm(s),Bedford (County),VA,Southeast,1
1410,Severe Storm(s),Raleigh (County),WV,Southeast,2
1413,Flood,Gogebic (County),MI,Midwest,2
1412,Severe Storm(s),Macon (County),MO,Midwest,1
1414,Severe Storm(s),Magoffin (County),KY,Southeast,1
1415,Earthquake,Hamilton (County),NY,Northeast,2
1416,Tornado,Edwards (County),IL,Midwest,1
1418,Severe Storm(s),Franklin (County),IN,Midwest,2
1419,Severe Storm(s),Hubbard (County),MN,Midwest,2
1421,Fire,Adams (County),CO,West,2
1420,Flood,Des Moines (County),IA,Midwest,2
1422,Fire,Gila (County),AZ,Southwest,1
1423,Flood,Red Devil (ANV/ANVSA),AK,West,3
1424,Severe Storm(s),Liberty (County),MT,West,2
1425,Flood,Nueces (County),TX,Southwest,2
1428,Severe Storm(s),Caledonia (County),VT,Northeast,3
1429,Severe Storm(s),Wood (County),WI,Midwest,2
1432,Tornado,Lincoln (County),WI,Midwest,2
1431,Severe Storm(s),Grand Forks (County),ND,Midwest,2
1433,Severe Storm(s),Decatur (County),IN,Midwest,2
1434,Coastal Storm,Galveston (County),TX,Southwest,2
1435,Hurricane,East Baton Rouge (Parish),LA,Southeast,2
1436,Hurricane,Stone (County),MS,Southeast,1
1437,Hurricane,Catahoula (Parish),LA,Southeast,1
1438,Hurricane,Baldwin (County),AL,Southeast,2
1439,Severe Storm(s),Kleberg (County),TX,Southwest,2
1440,Earthquake,Fairbanks North Star (Borough),AK,West,4
1441,Severe Storm(s),Madison (County),TN,Southeast,4
1442,Severe Storm(s),Morgan (County),AL,Southeast,3
1443,Severe Storm(s),Noxubee (County),MS,Southeast,3
1444,Severe Storm(s),Putnam (County),OH,Midwest,3
1445,Severe Storm(s),Kenai Peninsula (Borough),AK,West,4
1448,Severe Ice Storm,Catawba (County),NC,Southeast,2
1450,Severe Ice Storm,Stone (County),AR,Southeast,1
1451,Severe Ice Storm,Laurens (County),SC,Southeast,2
1452,Severe Ice Storm,Canadian (County),OK,Southwest,2
1455,Severe Storm(s),Hancock (County),WV,Southeast,1
1454,Severe Storm(s),Bracken (County),KY,Southeast,2
1453,Severe Storm(s),Belmont (County),OH,Midwest,1
1456,Severe Storm(s),Bledsoe (County),TN,Southeast,2
1458,Severe Storm(s),Clarke (County),VA,Southeast,2
1457,Severe Ice Storm,Guilford (County),NC,Southeast,2
1459,Severe Storm(s),Attala (County),MS,Southeast,3
1460,Severe Storm(s),Miami-Dade (County),FL,Southeast,3
1461,Severe Storm(s),Anchorage (Borough),AK,West,4
1463,Severe Storm(s),Oregon (County),MO,Midwest,2
1462,Severe Storm(s),Allen (County),KS,Midwest,4
1464,Severe Storm(s),Anderson (County),TN,Southeast,3
1465,Severe Storm(s),Kay (County),OK,Southwest,3
1467,Severe Ice Storm,Yates (County),NY,Northeast,2
1466,Severe Storm(s),Cullman (County),AL,Southeast,3
1468,Freezing,Aroostook (County),ME,Northeast,2
1469,Severe Storm(s),Schuyler (County),IL,Midwest,3
1470,Severe Storm(s),Calhoun (County),MS,Southeast,3
1471,Severe Storm(s),Boyle (County),KY,Southeast,3
1472,Severe Storm(s),Fulton (County),AR,Southeast,2
1474,Severe Storm(s),Kanawha (County),WV,Southeast,4
1475,Severe Storm(s),Letcher (County),KY,Southeast,3
1476,Severe Storm(s),Lake (County),IN,Midwest,3
1477,Fire,Pima (County),AZ,Southwest,2
1478,Severe Storm(s),Pike (County),OH,Midwest,3
1479,Hurricane,Frio (County),TX,Southwest,4
1480,Severe Storm(s),Douglas (County),NE,Midwest,2
1481,Severe Storm(s),Sarasota (County),FL,Southeast,2
1482,Severe Storm(s),Shelby (County),TN,Southeast,4
1484,Tornado,Vinton (County),OH,Midwest,2
1483,Severe Storm(s),Barnes (County),ND,Midwest,2
1485,Severe Storm(s),McKean (County),PA,Northeast,3
1486,Severe Storm(s),Rensselaer (County),NY,Northeast,3
1487,Severe Storm(s),Jay (County),IN,Midwest,3
1489,Severe Storm(s),Sullivan (County),NH,Northeast,2
1488,Severe Storm(s),Bennington (County),VT,Northeast,2
1491,Hurricane,Arlington (County),VA,Southeast,4
1490,Hurricane,Camden (County),NC,Southeast,4
1492,Hurricane,Montgomery (County),MD,Northeast,4
1494,Hurricane,New Castle (County),DE,Northeast,4
1496,Hurricane,Randolph (County),WV,Southeast,2
1495,Hurricane,New Castle (County),DE,Northeast,4
1497,Severe Storm(s),Chester (County),PA,Northeast,3
1498,Fire,Los Angeles (County),CA,West,4
1499,Severe Storm(s),Okanogan (County),WA,West,3
1500,Severe Storm(s),Kanawha (County),WV,Southeast,4
1502,Severe Storm(s),Giles (County),VA,Southeast,3
1505,Earthquake,Santa Barbara (County),CA,West,2
1507,Severe Storm(s),Perry (County),OH,Midwest,2
1508,Severe Storm(s),Sagadahoc (County),ME,Northeast,2
1509,Severe Ice Storm,Aiken (County),SC,Southeast,2
1510,Severe Storm(s),Malheur (County),OR,West,2
1512,Flood,"Norfolk (County)(in PMSA 1120,1200,6060)",MA,Northeast,3
1513,Severe Storm(s),Putnam (County),IL,Midwest,4
1514,Severe Storm(s),Mora (County),NM,Southwest,2
1515,Severe Storm(s),Towner (County),ND,Midwest,2
1516,Severe Storm(s),Franklin (County),AR,Southeast,2
1518,Severe Storm(s),Carroll (County),IA,Midwest,3
1517,Severe Storm(s),Red Willow (County),NE,Midwest,2
1519,Severe Storm(s),Licking (County),OH,Midwest,3
1520,Severe Storm(s),Adams (County),IN,Midwest,3
1522,Severe Storm(s),Kanawha (County),WV,Southeast,3
1521,Severe Storm(s),St. Martin (Parish),LA,Southeast,3
1523,Severe Storm(s),Boyle (County),KY,Southeast,3
1524,Severe Storm(s),Buchanan (County),MO,Midwest,3
1525,Severe Storm(s),Russell (County),VA,Southeast,3
1526,Severe Storm(s),Marathon (County),WI,Midwest,3
1528,Severe Storm(s),Columbia (County),AR,Southeast,2
1527,Severe Storm(s),Ionia (County),MI,Midwest,3
1530,Severe Storm(s),Burlington (County),NJ,Northeast,4
1531,Severe Storm(s),Todd (County),SD,Midwest,2
1535,Severe Storm(s),Rooks (County),KS,Midwest,1
1534,Severe Storm(s),Albany (County),NY,Northeast,1
1538,Severe Storm(s),Berks (County),PA,Northeast,1
1537,Severe Storm(s),Cumberland (County),KY,Southeast,2
1536,Severe Storm(s),Logan (County),WV,Southeast,3
1539,Hurricane,Alachua (County),FL,Southeast,2
1540,Fire,Carson City,NV,West,2
1542,Severe Storm(s),Crawford (County),IN,Midwest,2
1543,Hurricane,Horry (County),SC,Southeast,2
1544,Severe Storm(s),Charles City (County),VA,Southeast,3
1545,Hurricane,Calhoun (County),FL,Southeast,2
1546,Hurricane,Alleghany (County),NC,Southeast,3
1550,Hurricane,Amite (County),MS,Southeast,2
1549,Hurricane,Clay (County),AL,Southeast,3
1548,Hurricane,Assumption (Parish),LA,Southeast,2
1547,Severe Storm(s),Berkeley (County),SC,Southeast,2
1551,Hurricane,Monroe (County),FL,Southeast,2
1554,Hurricane,Habersham (County),GA,Southeast,2
1553,Hurricane,Alleghany (County),NC,Southeast,3
1557,Hurricane,Venango (County),PA,Northeast,1
1556,Severe Storm(s),Crawford (County),OH,Midwest,1
1555,Severe Storm(s),Armstrong (County),PA,Northeast,1
1558,Severe Storm(s),Cabell (County),WV,Southeast,4
1559,Severe Storm(s),Orleans (County),VT,Northeast,2
1560,Hurricane,Appling (County),GA,Southeast,2
1561,Hurricane,Miami-Dade (County),FL,Southeast,2
1562,Severe Storm(s),Wyandotte (County),KS,Midwest,2
1565,Severe Storm(s),Sullivan (County),NY,Northeast,4
1564,Severe Storm(s),Broome (County),NY,Northeast,4
1563,Severe Storm(s),Hunterdon (County),NJ,Northeast,4
1569,Severe Storm(s),Dodge (County),MN,Midwest,4
1568,Severe Storm(s),Campbell (County),TN,Southeast,2
1566,Hurricane,Fairfield (County),SC,Southeast,3
1570,Severe Storm(s),Floyd (County),VA,Southeast,3
1571,Severe Storm(s),Bering Strait Regional Educational Attendance Area,AK,West,2
1572,Severe Storm(s),New Castle (County),DE,Northeast,2
1573,Severe Storm(s),Clark (County),IN,Midwest,3
1574,Severe Storm(s),Ohio (County),WV,Southeast,2
1575,Severe Storm(s),Honolulu (County),HI,West,2
1576,Severe Storm(s),Kane (County),UT,West,2
1577,Severe Storm(s),San Diego (County),CA,West,4
1579,Severe Storm(s),Butler (County),KS,Midwest,2
1578,Snow,Crittenden (County),KY,Southeast,2
1580,Severe Storm(s),Clermont (County),OH,Midwest,2
1581,Severe Storm(s),Hopi Indian Reservation,AZ,Southwest,2
1583,Severe Storm(s),Lincoln (County),NV,West,2
1584,Severe Storm(s),North Slope (Borough),AK,West,2
1587,Severe Storm(s),Columbia (County),PA,Northeast,4
1586,Severe Storm(s),Gila River Indian Reservation,AZ,Southwest,1
1585,Severe Storm(s),San Diego (County),CA,West,2
1589,Severe Storm(s),Niagara (County),NY,Northeast,2
1588,Severe Storm(s),Gloucester (County),NJ,Northeast,3
1590,Severe Storm(s),Buffalo (County),NE,Midwest,2
1591,Severe Storm(s),Somerset (County),ME,Northeast,2
1592,Flood,Nez Perce Indian Reservation,ID,West,2
1595,Hurricane,Liberty (County),FL,Southeast,2
1594,Hurricane,Choctaw (County),MS,Southeast,2
1593,Hurricane,Chambers (County),AL,Southeast,2
1597,Severe Storm(s),Grand Forks (County),ND,Midwest,2
1596,Severe Storm(s),Spink (County),SD,Midwest,2
1598,Flood,Tooele (County),UT,West,2
1599,Tornado,Campbell (County),WY,West,3
1600,Severe Storm(s),Crawford (County),KS,Midwest,2
1601,Severe Storm(s),St. Charles (Parish),LA,Southeast,2
1602,Hurricane,Gulf (County),FL,Southeast,2
1603,Hurricane,Caddo (Parish),LA,Southeast,2
1604,Hurricane,Warren (County),MS,Southeast,4
1605,Hurricane,Marion (County),AL,Southeast,2
1607,Hurricane,Bienville (Parish),LA,Southeast,2
1606,Hurricane,Kenedy (County),TX,Southwest,1
1608,Hurricane,Craven (County),NC,Southeast,2
1609,Hurricane,Collier (County),FL,Southeast,4
1610,Severe Storm(s),Cheshire (County),NH,Northeast,4
1612,Tornado,Vanderburgh (County),IN,Midwest,4
1614,Severe Storm(s),Berkshire (County),MA,Northeast,4
1615,Severe Storm(s),Shawnee (County),KS,Midwest,2
1616,Snow,Benson (County),ND,Midwest,2
1617,Severe Storm(s),Hopkins (County),KY,Southeast,3
1618,Severe Storm(s),Northwest Arctic (Borough),AK,West,2
1619,Severe Storm(s),Tolland (County),CT,Northeast,2
1620,Severe Storm(s),Bon Homme (County),SD,Midwest,2
1622,Severe Storm(s),Stevens (County),MN,Midwest,1
1621,Severe Storm(s),Sargent (County),ND,Midwest,2
1623,Fire,Comanche (County),OK,Southwest,2
1624,Fire,Andrews (County),TX,Southwest,2
1625,Severe Ice Storm,Cherokee (County),SC,Southeast,2
1626,Severe Storm(s),Hodgeman (County),KS,Midwest,2
1627,Severe Storm(s),Antelope (County),NE,Midwest,2
1629,Severe Storm(s),Pyramid Lake Indian Reservation,NV,West,2
1628,Severe Storm(s),Alpine (County),CA,West,2
1630,Severe Storm(s),Owyhee (County),ID,West,2
1631,Severe Storm(s),Lincoln (County),MO,Midwest,3
1632,Severe Storm(s),Columbia (County),OR,West,2
1633,Severe Storm(s),Greene (County),IL,Midwest,4
1634,Severe Storm(s),Cheatham (County),TN,Southeast,4
1635,Severe Storm(s),Butler (County),MO,Midwest,3
1636,Severe Storm(s),Fulton (County),AR,Southeast,3
1637,Severe Storm(s),Delaware (County),OK,Southwest,3
1638,Severe Storm(s),Douglas (County),KS,Midwest,2
1640,Severe Storm(s),Honolulu (County),HI,West,4
1641,Severe Storm(s),Mason (County),WA,West,2
1642,Severe Storm(s),"Essex (County)(in PMSA 1120,4160,7090)",MA,Northeast,4
1644,Severe Storm(s),"York (County)(in MSA 6400,6450)",ME,Northeast,4
1643,Severe Storm(s),Belknap (County),NH,Northeast,4
1648,Flood,Becker (County),MN,Midwest,2
1646,Severe Storm(s),Madera (County),CA,West,2
1647,Severe Storm(s),Perkins (County),SD,Midwest,2
1645,Severe Storm(s),Cass (County),ND,Midwest,2
1649,Severe Storm(s),Sullivan (County),PA,Northeast,2
1650,Severe Storm(s),Rensselaer (County),NY,Northeast,2
1652,Severe Storm(s),Caroline (County),MD,Northeast,2
1651,Severe Storm(s),Lucas (County),OH,Midwest,3
1654,Severe Storm(s),Sussex (County),DE,Northeast,2
1653,Severe Storm(s),Warren (County),NJ,Northeast,4
1655,Severe Storm(s),Arlington (County),VA,Southeast,2
1656,Severe Storm(s),Lake (County),OH,Midwest,4
1657,Flood,Lower Kuskokwim Regional Educational Attendance Area,AK,West,2
1658,Severe Storm(s),Hudspeth (County),TX,Southwest,2
1659,Severe Storm(s),Guadalupe (County),NM,Southwest,2
1660,Severe Storm(s),Graham (County),AZ,Southwest,2
1661,Severe Storm(s),Charles City (County),VA,Southeast,2
1662,Severe Storm(s),Lake (County),IN,Midwest,3
1663,Severe Storm(s),Denali (Borough),AK,West,2
1664,Earthquake,Honolulu (County),HI,West,2
1665,Severe Storm(s),Erie (County),NY,Northeast,4
1666,Fire,Lower Yukon Regional Educational Attendance Area,AK,West,2
1668,Severe Storm(s),Ouachita (Parish),LA,Southeast,1
1667,Severe Storm(s),St. Louis,MO,Midwest,2
1669,Severe Storm(s),Chugach Regional Educational Attendance Area,AK,West,2
1671,Severe Storm(s),Chelan (County),WA,West,2
1670,Severe Storm(s),Herkimer (County),NY,Northeast,2
1673,Severe Storm(s),Boone (County),MO,Midwest,2
1672,Severe Storm(s),Lincoln (County),OR,West,2
1675,Severe Storm(s),Cheyenne (County),KS,Midwest,2
1674,Severe Storm(s),Blaine (County),NE,Midwest,2
1676,Severe Ice Storm,Boone (County),MO,Midwest,2
1678,Severe Storm(s),Caddo (County),OK,Southwest,2
1677,Severe Storm(s),Beaver (County),OK,Southwest,2
1679,Severe Storm(s),Seminole (County),FL,Southeast,4
1680,Severe Storm(s),Volusia (County),FL,Southeast,3
1681,Severe Ice Storm,Logan (County),IL,Midwest,2
1682,Severe Storm(s),Pend Oreille (County),WA,West,2
1683,Severe Storm(s),Lincoln (County),OR,West,2
1684,Severe Storm(s),Sullivan (County),PA,Northeast,2
1685,Severe Storm(s),Orleans (Parish),LA,Southeast,3
1686,Severe Storm(s),Miller (County),GA,Southeast,1
1687,Severe Storm(s),Jefferson (County),AL,Southeast,3
1689,Freezing,Merced (County),CA,West,2
1688,Severe Storm(s),Mitchell (County),IA,Midwest,2
1690,Severe Storm(s),Curry (County),NM,Southwest,3
1691,Flood,Waldo (County),ME,Northeast,2
1692,Severe Storm(s),Essex (County),NY,Northeast,2
1693,Severe Storm(s),Lincoln (County),ME,Northeast,4
1694,Severe Storm(s),Mercer (County),NJ,Northeast,4
1695,Severe Storm(s),Carroll (County),NH,Northeast,2
1697,Severe Storm(s),Atascosa (County),TX,Southwest,3
1696,Severe Storm(s),Gilmer (County),WV,Southeast,2
1698,Severe Storm(s),Windham (County),VT,Northeast,2
1699,Severe Storm(s),Doniphan (County),KS,Midwest,2
1700,Severe Storm(s),"Litchfield (County)(in (P)MSA 1170,1930,3280,8880)",CT,Northeast,4
1701,Severe Storm(s),Berkshire (County),MA,Northeast,2
1702,Severe Storm(s),Day (County),SD,Midwest,2
1705,Severe Storm(s),Clarke (County),IA,Midwest,2
1703,Severe Storm(s),Lawrence (County),KY,Southeast,2
1704,Severe Storm(s),"Newport (County)(in PMSA 2480,6480)",RI,Northeast,2
1706,Severe Storm(s),Keya Paha (County),NE,Midwest,2
1707,Severe Storm(s),Cotton (County),OK,Southwest,2
1708,Severe Storm(s),Saline (County),MO,Midwest,2
1709,Severe Storm(s),Bosque (County),TX,Southwest,2
1711,Severe Storm(s),Bourbon (County),KS,Midwest,4
1710,Severe Storm(s),Sullivan (County),NY,Northeast,2
1712,Severe Storm(s),Craig (County),OK,Southwest,2
1713,Severe Storm(s),McHenry (County),ND,Midwest,2
1714,Severe Storm(s),Greeley (County),NE,Midwest,2
1715,Severe Storm(s),Orange (County),VT,Northeast,2
1716,Severe Storm(s),Oxford (County),ME,Northeast,2
1717,Severe Storm(s),Fillmore (County),MN,Midwest,4
1718,Severe Storm(s),Ellis (County),OK,Southwest,2
1719,Severe Storm(s),Iowa (County),WI,Midwest,3
1720,Severe Storm(s),Seneca (County),OH,Midwest,3
1721,Severe Storm(s),Dundy (County),NE,Midwest,2
1722,Severe Storm(s),Winnebago (County),IL,Midwest,3
1723,Severe Storm(s),Pontotoc (County),OK,Southwest,2
1724,Severe Storm(s),Queens (County),NY,Northeast,3
1725,Severe Storm(s),Cass (County),ND,Midwest,2
1726,Severe Storm(s),Grand Forks (County),ND,Midwest,4
1727,Severe Storm(s),Humboldt (County),IA,Midwest,2
1728,Severe Storm(s),Laclede (County),MO,Midwest,2
1729,Severe Storm(s),DeKalb (County),IL,Midwest,4
1730,Severe Storm(s),Jones (County),TX,Southwest,3
1731,Fire,Riverside (County),CA,West,4
1732,Severe Storm(s),Lake (County),IN,Midwest,3
1734,Severe Storm(s),Jefferson (County),WA,West,2
1733,Severe Storm(s),Washington (County),OR,West,3
1735,Severe Ice Storm,Craig (County),OK,Southwest,2
1736,Severe Ice Storm,Atchison (County),MO,Midwest,2
1737,Severe Ice Storm,Clarke (County),IA,Midwest,2
1738,Severe Storm(s),Lyon (County),NV,West,4
1739,Severe Ice Storm,Gage (County),NE,Midwest,2
1740,Severe Storm(s),Lake (County),IN,Midwest,3
1741,Severe Storm(s),Atchison (County),KS,Midwest,2
1742,Severe Storm(s),Maries (County),MO,Midwest,2
1743,Severe Storm(s),Maui (County),HI,West,2
1745,Severe Storm(s),Fentress (County),TN,Southeast,2
1744,Severe Storm(s),Sharp (County),AR,Southeast,4
1746,Severe Storm(s),Metcalfe (County),KY,Southeast,2
1747,Severe Storm(s),Livingston (County),IL,Midwest,3
1748,Severe Ice Storm,Madison (County),MO,Midwest,2
1749,Severe Storm(s),Moniteau (County),MO,Midwest,1
1750,Severe Storm(s),Fulton (County),GA,Southeast,4
1751,Severe Storm(s),Clark (County),AR,Southeast,2
1752,Severe Storm(s),Pittsburg (County),OK,Southwest,2
1753,Severe Storm(s),Washington (County),MS,Southeast,3
1754,Flood,Latimer (County),OK,Southwest,2
1755,Flood,Somerset (County),ME,Northeast,2
1756,Severe Storm(s),Latimer (County),OK,Southwest,4
1757,Severe Storm(s),Crittenden (County),KY,Southeast,2
1758,Severe Storm(s),Grant (County),AR,Southeast,4
1759,Snow,Bennett (County),SD,Midwest,2
1761,Severe Storm(s),Carroll (County),GA,Southeast,4
1760,Severe Storm(s),Barry (County),MO,Midwest,3
1762,Severe Storm(s),Larimer (County),CO,West,3
1763,Severe Storm(s),Lyon (County),IA,Midwest,2
1764,Severe Storm(s),Hinds (County),MS,Southeast,4
1765,Severe Storm(s),Johnson (County),NE,Midwest,2
1766,Severe Storm(s),Grant (County),IN,Midwest,3
1767,Severe Storm(s),Carter (County),MT,West,2
1768,Severe Storm(s),Columbia (County),WI,Midwest,4
1769,Severe Storm(s),Marion (County),WV,Southeast,4
1770,Severe Storm(s),Furnas (County),NE,Midwest,2
1771,Severe Storm(s),Randolph (County),IL,Midwest,2
1773,Severe Storm(s),Pemiscot (County),MO,Midwest,2
1772,Severe Storm(s),Nobles (County),MN,Midwest,2
1776,Severe Storm(s),Cherokee (County),KS,Midwest,2
1775,Severe Storm(s),Grant (County),OK,Southwest,2
1774,Severe Storm(s),Buffalo (County),SD,Midwest,2
1777,Severe Storm(s),Missaukee (County),MI,Midwest,2
1778,Severe Storm(s),Addison (County),VT,Northeast,2
1779,Severe Storm(s),Sarpy (County),NE,Midwest,2
1780,Hurricane,Bexar (County),TX,Southwest,2
1781,Flood,Kootenai (County),ID,West,2
1782,Severe Storm(s),Belknap (County),NH,Northeast,2
1783,Severe Storm(s),Otero (County),NM,Southwest,2
1784,Severe Storm(s),Grand Isle (County),VT,Northeast,2
1785,Severe Storm(s),St. Johns (County),FL,Southeast,2
1786,Hurricane,De Soto (Parish),LA,Southeast,2
1787,Severe Storm(s),Grafton (County),NH,Northeast,2
1788,Severe Storm(s),Cumberland (County),ME,Northeast,2
1789,Hurricane,Baldwin (County),AL,Southeast,2
1790,Severe Storm(s),Washington (County),VT,Northeast,2
1792,Hurricane,St. Charles (Parish),LA,Southeast,2
1791,Hurricane,Wharton (County),TX,Southwest,2
1793,Hurricane,Lincoln (County),AR,Southeast,2
1794,Hurricane,Stone (County),MS,Southeast,2
1795,Severe Storm(s),Dubois (County),IN,Midwest,2
1796,Severe Storm(s),North Slope (Borough),AK,West,2
1797,Severe Storm(s),Baldwin (County),AL,Southeast,2
1799,Severe Storm(s),Merrimack (County),NH,Northeast,2
1800,Severe Storm(s),Montgomery (County),IL,Midwest,2
1801,Severe Storm(s),Beaufort (County),NC,Southeast,2
1803,Severe Storm(s),Ellis (County),OK,Southwest,1
1802,Severe Storm(s),Breckinridge (County),KY,Southeast,2
1804,Severe Storm(s),Miller (County),AR,Southeast,2
1805,Severe Storm(s),Carroll (County),OH,Midwest,2
1806,Hurricane,Franklin (County),FL,Southeast,2
1808,Severe Storm(s),Harper (County),KS,Midwest,2
1809,Severe Storm(s),Christian (County),MO,Midwest,2
1810,Fire,Riverside (County),CA,West,3
1811,Snow,Oglala Sioux Tribe of the Pine Ridge Reservation,SD,Midwest,2
1812,Severe Ice Storm,Merrimack (County),NH,Northeast,2
1814,Flood,Honolulu (County),HI,West,3
1813,Severe Ice Storm,Hampshire (County),MA,Northeast,2
1815,Severe Storm(s),Lincoln (County),ME,Northeast,2
1816,Severe Ice Storm,Bennington (County),VT,Northeast,2
1817,Flood,Skamania (County),WA,West,2
1818,Severe Ice Storm,Bath (County),KY,Southeast,2
1819,Severe Storm(s),Boone (County),AR,Southeast,2
1820,Severe Storm(s),Coal (County),OK,Southwest,2
1822,Severe Storm(s),Cape Girardeau (County),MO,Midwest,2
1821,Severe Ice Storm,Lake (County),TN,Southeast,2
1823,Severe Storm(s),Comanche (County),OK,Southwest,2
1826,Severe Storm(s),Massac (County),IL,Midwest,2
1824,Severe Storm(s),Columbia (County),OR,West,2
1825,Severe Storm(s),Garfield (County),WA,West,2
1827,Severe Storm(s),Saratoga (County),NY,Northeast,2
1828,Severe Storm(s),Scott (County),IN,Midwest,2
1829,Severe Storm(s),LaMoure (County),ND,Midwest,3
1830,Severe Storm(s),Grant (County),MN,Midwest,2
1831,Severe Storm(s),Levy (County),FL,Southeast,2
1832,Severe Storm(s),Kosciusko (County),IN,Midwest,2
1833,Severe Storm(s),Irwin (County),GA,Southeast,2
1834,Tornado,Ashley (County),AR,Southeast,3
1835,Severe Storm(s),Crenshaw (County),AL,Southeast,2
1836,Severe Storm(s),Jefferson (County),AL,Southeast,2
1837,Severe Storm(s),Jackson (County),MS,Southeast,2
1839,Severe Storm(s),Rutherford (County),TN,Southeast,2
1838,Severe Storm(s),Calhoun (County),WV,Southeast,3
1840,Severe Storm(s),Baker (County),FL,Southeast,2
1841,Severe Storm(s),Clay (County),KY,Southeast,2
1842,Severe Storm(s),Bullock (County),AL,Southeast,3
1843,Flood,Lower Yukon Regional Educational Attendance Area,AK,West,3
1845,Severe Storm(s),Grant (County),AR,Southeast,2
1844,Severe Storm(s),Standing Rock Sioux Tribe of North & South Dakota,SD,Midwest,2
1847,Severe Storm(s),Camden (County),MO,Midwest,2
1846,Fire,Lincoln (County),OK,Southwest,2
1848,Severe Storm(s),Greenwood (County),KS,Midwest,2
1849,Severe Storm(s),Bourbon (County),KS,Midwest,2
1850,Severe Storm(s),Union (County),IL,Midwest,2
1851,Severe Storm(s),Fayette (County),TN,Southeast,2
1852,Severe Storm(s),Waldo (County),ME,Northeast,2
1853,Severe Storm(s),Garden (County),NE,Midwest,2
1854,Severe Storm(s),Black Hawk (County),IA,Midwest,2
1855,Severe Storm(s),Trimble (County),KY,Southeast,2
1856,Severe Storm(s),Decatur (County),TN,Southeast,2
1857,Severe Storm(s),Chenango (County),NY,Northeast,2
1858,Severe Storm(s),Carroll (County),GA,Southeast,3
1860,Severe Storm(s),Linn (County),KS,Midwest,2
1861,Severe Storm(s),Prairie (County),AR,Southeast,2
1862,Severe Storm(s),Isle of Wight (County),VA,Southeast,2
1863,Severe Storm(s),Claiborne (Parish),LA,Southeast,2
1864,Severe Storm(s),Johnson (County),NE,Midwest,2
1865,Severe Storm(s),Kodiak Island (Borough),AK,West,2
1867,Severe Storm(s),Cape May (County),NJ,Northeast,2
1866,Hurricane,Mobile (County),AL,Southeast,2
1868,Severe Storm(s),Republic (County),KS,Midwest,2
1870,Severe Storm(s),Crenshaw (County),AL,Southeast,2
1869,Severe Storm(s),Suffolk (County),NY,Northeast,2
1871,Severe Storm(s),Buncombe (County),NC,Southeast,2
1872,Severe Storm(s),Grant (County),AR,Southeast,2
1873,Snow,Salem (County),NJ,Northeast,2
1874,Snow,Augusta (County),VA,Southeast,2
1875,Snow,Howard (County),MD,Northeast,2
1878,Severe Storm(s),Cass (County),NE,Midwest,2
1877,Severe Storm(s),Calhoun (County),IA,Midwest,2
1876,Severe Storm(s),Beckham (County),OK,Southwest,2
1879,Severe Storm(s),Bowman (County),ND,Midwest,2
1881,Snow,Mercer (County),WV,Southeast,2
1880,Severe Storm(s),Boone (County),IA,Midwest,2
1883,Severe Ice Storm,Rogers (County),OK,Southwest,2
1884,Severe Storm(s),Calaveras (County),CA,West,2
1886,Severe Storm(s),Mellette (County),SD,Midwest,2
1885,Severe Storm(s),Bourbon (County),KS,Midwest,2
1887,Severe Storm(s),Day (County),SD,Midwest,2
1888,Severe Storm(s),Gila (County),AZ,Southwest,2
1889,Snow,Gloucester (County),NJ,Northeast,2
1891,Severe Storm(s),Knox (County),ME,Northeast,2
1895,Severe Storm(s),"Bristol (County)(in (P)MSA 1120,1200,2480,5400,6060)",MA,Northeast,3
1892,Severe Storm(s),Merrimack (County),NH,Northeast,2
1893,Severe Storm(s),Fayette (County),WV,Southeast,3
1894,Severe Storm(s),Bristol (County),RI,Northeast,3
1896,Snow,Kent (County),DE,Northeast,2
1897,Severe Storm(s),Burlington (County),NJ,Northeast,2
1899,Severe Storm(s),Orange (County),NY,Northeast,2
1898,Snow,Beaver (County),PA,Northeast,2
1900,Flood,Upper Sioux Community (Indian Reservation),MN,Midwest,2
1902,Flood,Boyd (County),NE,Midwest,2
1901,Severe Storm(s),Burleigh (County),ND,Midwest,2
1904,Severe Storm(s),Windham (County),CT,Northeast,2
1903,Snow,Monongalia (County),WV,Southeast,2
1905,Snow,Albemarle (County),VA,Southeast,2
1906,Severe Storm(s),Attala (County),MS,Southeast,3
1907,Flood,Grand Forks (County),ND,Midwest,2
1908,Severe Storm(s),Marshall (County),AL,Southeast,3
1909,Severe Storm(s),Benton (County),TN,Southeast,3
1910,Snow,Anne Arundel (County),MD,Northeast,2
1911,Earthquake,Imperial (County),CA,West,2
1912,Severe Storm(s),Carlisle (County),KY,Southeast,2
1913,Severe Storm(s),"Rockingham (County)(in (P)MSA 4160,4760,6450)",NH,Northeast,2
1915,Flood,Buffalo (County),SD,Midwest,2
1914,Severe Storm(s),Ziebach (County),SD,Midwest,2
1916,Severe Storm(s),Lafayette (County),MS,Southeast,2
1917,Severe Storm(s),Garvin (County),OK,Southwest,3
1918,Flood,Wyoming (County),WV,Southeast,3
1920,Severe Storm(s),Hancock (County),ME,Northeast,2
1921,Tornado,Houston (County),MN,Midwest,2
1922,Severe Storm(s),Rocky Boy's Indian Reservation,MT,West,2
1923,Flood,Platte (County),WY,West,2
1924,Severe Storm(s),Cass (County),NE,Midwest,2
1925,Severe Storm(s),Carter (County),KY,Southeast,3
1926,Severe Storm(s),Oklahoma (County),OK,Southwest,2
1927,Severe Storm(s),Washington (County),ID,West,2
1928,Severe Storm(s),Lee (County),IA,Midwest,2
1930,Severe Storm(s),Butler (County),IA,Midwest,2
1929,Severe Storm(s),Dewey (County),SD,Midwest,2
1931,Hurricane,Floyd (County),TX,Southwest,2
1932,Severe Storm(s),Cheyenne (County),KS,Midwest,2
1933,Severe Storm(s),Milwaukee (County),WI,Midwest,3
1934,Severe Storm(s),Holt (County),MO,Midwest,2
1935,Severe Storm(s),Pike (County),IL,Midwest,2
1936,Flood,Pueblo of Acoma,NM,Southwest,2
1937,Severe Storm(s),Smith (County),TN,Southeast,2
1938,Severe Storm(s),Clay (County),SD,Midwest,2
1940,Severe Storm(s),Hopi Indian Reservation,AZ,Southwest,2
1941,Severe Storm(s),Carver (County),MN,Midwest,2
1943,Tornado,Kings (County),NY,Northeast,2
1942,Severe Storm(s),Camden (County),NC,Southeast,2
1945,Severe Storm(s),Nemaha (County),NE,Midwest,2
1944,Severe Storm(s),Marathon (County),WI,Midwest,2
1947,Severe Storm(s),Union (County),SD,Midwest,2
1950,Severe Storm(s),Havasupai Indian Reservation,AZ,Southwest,2
1951,Severe Storm(s),Franklin (County),VT,Northeast,2
1952,Flood,Kern (County),CA,West,2
1953,Severe Storm(s),Piscataquis (County),ME,Northeast,2
1954,Snow,Ocean (County),NJ,Northeast,2
1955,Flood,Washington (County),UT,West,2
1956,Severe Storm(s),Clackamas (County),OR,West,2
1957,Severe Storm(s),Bronx (County),NY,Northeast,2
1958,Snow,Paucatuck Eastern Pequot Indian Reservation,CT,Northeast,2
1959,Snow,Hampden (County),MA,Northeast,2
1960,Snow,La Salle (County),IL,Midwest,2
1961,Severe Storm(s),Caldwell (County),MO,Midwest,2
1962,Severe Storm(s),Pueblo of Picuris,NM,Southwest,2
1963,Severe Storm(s),King (County),WA,West,2
1964,Tsunami,Lincoln (County),OR,West,2
1965,Severe Storm(s),Hamilton (County),TN,Southeast,2
1966,Snow,Iowa (County),WI,Midwest,2
1967,Tsunami,Hawaii (County),HI,West,2
1968,Tsunami,Del Norte (County),CA,West,2
1969,Severe Storm(s),Bertie (County),NC,Southeast,3
1970,Severe Storm(s),Atoka (County),OK,Southwest,3
1971,Severe Storm(s),Randolph (County),AL,Southeast,2
1973,Severe Storm(s),Catoosa (County),GA,Southeast,3
1972,Severe Storm(s),Benton (County),MS,Southeast,2
1974,Severe Storm(s),Blount (County),TN,Southeast,2
1975,Severe Storm(s),Craighead (County),AR,Southeast,2
1976,Severe Storm(s),Calloway (County),KY,Southeast,2
1977,Severe Storm(s),Cherokee (County),IA,Midwest,2
1980,Severe Storm(s),Barry (County),MO,Midwest,2
1979,Severe Storm(s),Benton (County),TN,Southeast,2
1978,Severe Storm(s),Chester (County),TN,Southeast,2
1982,Flood,Carver (County),MN,Midwest,2
1981,Flood,Divide (County),ND,Midwest,2
1983,Flood,Adams (County),MS,Southeast,3
1985,Severe Storm(s),Jefferson (County),OK,Southwest,2
1984,Flood,Beadle (County),SD,Midwest,2
1986,Severe Storm(s),Burke (County),ND,Midwest,2
1987,Flood,Nez Perce (County),ID,West,2
1988,Severe Storm(s),Cherokee (County),OK,Southwest,2
1989,Severe Storm(s),Ottawa (County),OK,Southwest,2
1991,Severe Storm(s),Gallatin (County),IL,Midwest,3
1990,Severe Storm(s),Hennepin (County),MN,Midwest,2
1993,Flood,Clinton (County),NY,Northeast,2
1992,Flood,Crooked Creek (ANV/ANVSA),AK,West,2
1995,Severe Storm(s),Grand Isle (County),VT,Northeast,3
1994,Tornado,Hampden (County),MA,Northeast,3
1996,Severe Storm(s),Rocky Boy's Indian Reservation,MT,West,2
1997,Severe Storm(s),Crawford (County),IN,Midwest,2
1998,Flood,Monona (County),IA,Midwest,3
1999,Fire,Bailey (County),TX,Southwest,2
4000,Severe Storm(s),Crawford (County),AR,Southeast,2
4001,Severe Storm(s),Essex (County),VT,Northeast,2
4002,Severe Storm(s),Vinton (County),OH,Midwest,2
4003,Severe Storm(s),Tioga (County),PA,Northeast,2
4005,Severe Storm(s),Marion (County),TN,Southeast,2
4007,Severe Storm(s),Teton (County),WY,West,2
4006,Flood,Coos (County),NH,Northeast,2
4008,Severe Storm(s),Knott (County),KY,Southeast,2
4009,Severe Storm(s),Kandiyohi (County),MN,Midwest,2
4010,Severe Storm(s),Russell (County),KS,Midwest,2
4011,Flood,Piute (County),UT,West,2
4014,Severe Storm(s),Dundy (County),NE,Midwest,2
4012,Flood,Carroll (County),MO,Midwest,2
4013,Flood,Dixon (County),NE,Midwest,2
4015,Flood,Catahoula (Parish),LA,Southeast,1
4016,Severe Storm(s),Clay (County),IA,Midwest,2
4018,Severe Storm(s),Dubuque (County),IA,Midwest,2
4021,Hurricane,Hudson (County),NJ,Northeast,3
4020,Hurricane,Franklin (County),NY,Northeast,2
4019,Hurricane,Chowan (County),NC,Southeast,3
4022,Hurricane,Washington (County),VT,Northeast,3
4023,Hurricane,Windham (County),CT,Northeast,3
4028,Hurricane,Barnstable (County),MA,Northeast,2
4027,Hurricane,Statewide,RI,Northeast,1
4026,Hurricane,Merrimack (County),NH,Northeast,2
4025,Hurricane,Susquehanna (County),PA,Northeast,2
4024,Hurricane,Charles City (County),VA,Southeast,2
4029,Fire,Camp (County),TX,Southwest,2
4030,Flood,Tioga (County),PA,Northeast,2
4032,Hurricane,Franklin (County),ME,Northeast,2
4031,Severe Storm(s),Otsego (County),NY,Northeast,3
4033,Severe Storm(s),Salem (County),NJ,Northeast,2
4034,Hurricane,Baltimore (County),MD,Northeast,2
4035,Flood,Wyandotte (County),KS,Midwest,2
4037,Hurricane,Sussex (County),DE,Northeast,2
4038,Flood,Howard (County),MD,Northeast,2
4039,Severe Storm(s),Hunterdon (County),NJ,Northeast,2
4041,Coastal Storm,East Feliciana (Parish),LA,Southeast,2
4042,Earthquake,Fluvanna (County),VA,Southeast,2
4043,Severe Storm(s),Washington (County),VT,Northeast,2
4045,Severe Storm(s),King George (County),VA,Southeast,2
4046,Severe Storm(s),"Litchfield (County)(in (P)MSA 1170,1930,3280,8880)",CT,Northeast,2
4047,Flood,Pueblo of Acoma,NM,Southwest,2
4048,Severe Storm(s),Essex (County),NJ,Northeast,2
4049,Severe Storm(s),"Hillsborough (County)(in (P)MSA 4560,4760,5350)",NH,Northeast,2
4050,Severe Storm(s),Bering Strait Regional Educational Attendance Area,AK,West,2
4051,Severe Storm(s),"Worcester (County) (in (P)MSA 1120,2600,9240)",MA,Northeast,2
4053,Severe Storm(s),Davis (County),UT,West,2
4052,Severe Storm(s),Jefferson (County),AL,Southeast,2
4054,Severe Storm(s),Kenai Peninsula (Borough),AK,West,2
4055,Flood,Hood River (County),OR,West,2
4056,Severe Storm(s),Mason (County),WA,West,2
4057,Severe Storm(s),Adair (County),KY,Southeast,2
4058,Severe Storm(s),Warrick (County),IN,Midwest,2
4060,Severe Storm(s),Bradley (County),TN,Southeast,2
4059,Severe Storm(s),Ritchie (County),WV,Southeast,2
4061,Severe Storm(s),Lincoln (County),WV,Southeast,3
4062,Severe Storm(s),Maui (County),HI,West,2
4063,Severe Storm(s),Hodgeman (County),KS,Midwest,2
4064,Severe Storm(s),Alfalfa (County),OK,Southwest,2
4065,Severe Storm(s),Cheshire (County),NH,Northeast,2
4066,Severe Storm(s),Orleans (County),VT,Northeast,2
4067,Fire,Larimer (County),CO,West,3
4068,Severe Storm(s),Dixie (County),FL,Southeast,2
4069,Severe Storm(s),Cass (County),MN,Midwest,2
4070,Severe Storm(s),Atlantic (County),NJ,Northeast,2
4071,Severe Storm(s),Upshur (County),WV,Southeast,2
4072,Severe Storm(s),Albemarle (County),VA,Southeast,2
4075,Severe Storm(s),Charles (County),MD,Northeast,2
4076,Severe Storm(s),Red Cliff Indian Reservation,WI,Midwest,2
4074,Fire,Crow/Northern Cheyenne Area,MT,West,2
4077,Severe Storm(s),Champaign (County),OH,Midwest,2
4078,Fire,Cleveland (County),OK,Southwest,2
4079,Flood,Sandoval (County),NM,Southwest,2
4081,Hurricane,Mississippi Choctaw Indian Reservation,MS,Southeast,2
4080,Hurricane,Catahoula (Parish),LA,Southeast,2
4082,Hurricane,Mobile (County),AL,Southeast,2
4083,Severe Storm(s),Ferry (County),WA,West,2
4084,Hurricane,Glades (County),FL,Southeast,2
4086,Hurricane,Hudson (County),NJ,Northeast,3
4085,Hurricane,Bronx (County),NY,Northeast,3
4087,Hurricane,"Litchfield (County)(in (P)MSA 1170,1930,3280,8880)",CT,Northeast,2
4089,Hurricane,"Newport (County)(in PMSA 2480,6480)",RI,Northeast,3
4088,Flood,Washington (County),UT,West,2
4090,Hurricane,Sussex (County),DE,Northeast,2
4091,Hurricane,Baltimore (County),MD,Northeast,2
4092,Hurricane,King and Queen (County),VA,Southeast,2
4094,Severe Storm(s),Alaska Gateway Regional Educational Attendance Area,AK,West,2
4093,Hurricane,Braxton (County),WV,Southeast,2
4095,Hurricane,"Rockingham (County)(in (P)MSA 4160,4760,6450)",NH,Northeast,2
4097,Hurricane,"Plymouth (County)(in (P)MSA 1120,1200,5400)",MA,Northeast,2
4098,Hurricane,Cuyahoga (County),OH,Midwest,2
4099,Hurricane,Cameron (County),PA,Northeast,2
4100,Severe Ice Storm,Hot Spring (County),AR,Southeast,2
4101,Severe Storm(s),Jefferson Davis (County),MS,Southeast,2
4102,Severe Storm(s),Concordia (Parish),LA,Southeast,2
4103,Mud/Landslide,Eastern Band of Cherokee Indians of North Carolina,NC,Southeast,2
4104,Freezing,Navajo Nation Reservation (Also NM and UT),AZ,Southwest,2
4105,Severe Storm(s),Belknap (County),NH,Northeast,2
4106,Severe Storm(s),"Hartford (County)(in PMSA 1170,3280,5440)",CT,Northeast,2
4107,Severe Storm(s),Bristol (County),RI,Northeast,2
4108,Severe Storm(s),Cumberland (County),ME,Northeast,2
4109,Severe Storm(s),Woods (County),OK,Southwest,2
4110,Severe Storm(s),Suffolk (County),MA,Northeast,2
4111,Severe Storm(s),Suffolk (County),NY,Northeast,2
4112,Snow,Barton (County),KS,Midwest,2
4113,Severe Storm(s),Cottonwood (County),MN,Midwest,2
4114,Severe Storm(s),Lyon (County),IA,Midwest,2
4116,Flood,Carroll (County),IL,Midwest,2
4115,Severe Storm(s),Oglala Sioux Tribe of the Pine Ridge Reservation,SD,Midwest,2
4117,Tornado,Ottawa (County),OK,Southwest,2
4118,Flood,Cavalier (County),ND,Midwest,2
4119,Flood,Jefferson (County),IA,Midwest,2
4120,Flood,Chittenden (County),VT,Northeast,2
4121,Flood,Baraga (County),MI,Midwest,2
4124,Severe Storm(s),Cross (County),AR,Southeast,2
4123,Flood,Standing Rock Sioux Tribe of North & South Dakota,ND,Midwest,2
4122,Flood,Copper River Regional Educational Attendance Area,AK,West,2
4125,Severe Storm(s),Corson (County),SD,Midwest,2
4126,Severe Storm(s),Cherokee (County),IA,Midwest,2
4127,Flood,Rocky Boy's Indian Reservation,MT,West,2
4129,Flood,Chenango (County),NY,Northeast,2
4128,Severe Storm(s),Turtle Mountain Indian Reservation,ND,Midwest,2
4130,Severe Storm(s),Lewis (County),MO,Midwest,2
4131,Severe Storm(s),Hennepin (County),MN,Midwest,2
4132,Flood,Roane (County),WV,Southeast,2
4134,Fire,El Paso (County),CO,West,3
4133,Fire,Fremont (County),CO,West,3
4135,Severe Storm(s),Delaware (County),IA,Midwest,2
4138,Severe Storm(s),Holmes (County),FL,Southeast,2
4139,Severe Storm(s),Grafton (County),NH,Northeast,2
4137,Severe Storm(s),Hamlin (County),SD,Midwest,2
4140,Flood,Chittenden (County),VT,Northeast,2
4141,Severe Storm(s),Bayfield (County),WI,Midwest,2
4142,Fire,Karuk Reservation,CA,West,2
4143,Severe Storm(s),Boone (County),AR,Southeast,2
4144,Severe Storm(s),Dade (County),MO,Midwest,2
4145,Flood,Lake (County),CO,West,2
4146,Flood,Mitchell (County),NC,Southeast,2
4147,Severe Storm(s),Santa Clara Pueblo (Indian Reservation),NM,Southwest,2
4148,Severe Storm(s),Colfax (County),NM,Southwest,2
4149,Severe Storm(s),Fayette (County),PA,Northeast,2
4150,Severe Storm(s),McPherson (County),KS,Midwest,2
4151,Severe Storm(s),Santa Clara Pueblo (Indian Reservation),NM,Southwest,2
4152,Flood,Navajo Nation Reservation (Also  AZ and UT),NM,Southwest,2
4153,Flood,Avery (County),NC,Southeast,2
4154,Severe Storm(s),Grant (County),ND,Midwest,2
4155,Severe Storm(s),Custer (County),SD,Midwest,3
4157,Tornado,Vermilion (County),IL,Midwest,2
4156,Severe Storm(s),Greeley (County),NE,Midwest,2
4158,Fire,Tuolumne (County),CA,West,2
4159,Severe Storm(s),Freestone (County),TX,Southwest,2
4160,Severe Ice Storm,Fulton (County),AR,Southeast,2
4161,Flood,Kenai Peninsula (Borough),AK,West,2
4162,Severe Storm(s),Fairbanks North Star (Borough),AK,West,2
4163,Severe Ice Storm,Essex (County),VT,Northeast,2
4164,Severe Storm(s),Choctaw (County),OK,Southwest,2
4165,Severe Ice Storm,Carroll (County),GA,Southeast,2
4166,Severe Ice Storm,Dorchester (County),SC,Southeast,2
4167,Severe Ice Storm,Davidson (County),NC,Southeast,2
4168,Mud/Landslide,Tulalip Indian Reservation,WA,West,3
4169,Severe Storm(s),Lincoln (County),OR,West,2
4170,Severe Storm(s),Howard (County),MD,Northeast,2
4171,Severe Ice Storm,Shelby (County),TN,Southeast,2
4172,Flood,Jefferson (County),MT,West,2
4173,Severe Storm(s),Johnson (County),IN,Midwest,2
4174,Severe Storm(s),Izard (County),AR,Southeast,2
4175,Severe Storm(s),Leake (County),MS,Southeast,3
4176,Severe Storm(s),Houston (County),AL,Southeast,2
4177,Severe Storm(s),Santa Rosa (County),FL,Southeast,3
4178,Flood,Franklin (County),VT,Northeast,2
4179,Tornado,Fillmore (County),NE,Midwest,2
4180,Severe Storm(s),Otsego (County),NY,Northeast,2
4181,Severe Storm(s),Decatur (County),IA,Midwest,2
4182,Flood,Hennepin (County),MN,Midwest,2
4184,Flood,Allamakee (County),IA,Midwest,2
4183,Severe Storm(s),Dakota (County),NE,Midwest,2
4185,Severe Storm(s),Burt (County),NE,Midwest,2
4186,Flood,Turner (County),SD,Midwest,2
4187,Severe Storm(s),Jasper (County),IA,Midwest,2
4188,Fire,Colville Indian Reservation,WA,West,2
4189,Severe Storm(s),Carroll (County),TN,Southeast,2
4190,Flood,Benson (County),ND,Midwest,2
4193,Earthquake,Napa (County),CA,West,3
4194,Severe Storm(s),Hawaii (County),HI,West,2
4195,Flood,Oakland (County),MI,Midwest,3
4196,Severe Storm(s),Floyd (County),KY,Southeast,2
4197,Severe Storm(s),Sandoval (County),NM,Southwest,2
4198,Severe Storm(s),Blaine (County),MT,West,2
4199,Severe Storm(s),Colfax (County),NM,Southwest,2
4200,Severe Storm(s),Daviess (County),MO,Midwest,2
4201,Volcano,Hawaii (County),HI,West,2
4202,Flood,Moapa River Indian Reservation,NV,West,2
4203,Flood,Maricopa (County),AZ,Southwest,2
4204,Snow,Genesee (County),NY,Northeast,2
4205,Tornado,Marion (County),MS,Southeast,2
4206,Flood,Soboba Indian Reservation,CA,West,2
4207,Severe Storm(s),Orange (County),VT,Northeast,2
4208,Snow,Sagadahoc (County),ME,Northeast,2
4209,Severe Storm(s),Strafford (County),NH,Northeast,2
4210,Severe Storm(s),Cabell (County),WV,Southeast,2
4211,Severe Ice Storm,Campbell (County),TN,Southeast,2
4212,Severe Storm(s),"Providence (County)(in PMSA 6060,6480)",RI,Northeast,2
4213,Severe Storm(s),"New Haven (County)(in (P)MSA 1160,5480,8880)",CT,Northeast,2
4214,Severe Storm(s),"Essex (County)(in PMSA 1120,4160,7090)",MA,Northeast,2
4215,Severe Ice Storm,Lumpkin (County),GA,Southeast,2
4216,Snow,Caldwell (County),KY,Southeast,2
4217,Flood,Lewis (County),KY,Southeast,2
4218,Flood,Elliott (County),KY,Southeast,2
4219,Severe Storm(s),Wayne (County),WV,Southeast,2
4220,Flood,Marshall (County),WV,Southeast,2
4221,Flood,Cabell (County),WV,Southeast,2
4222,Severe Storm(s),Major (County),OK,Southwest,2
4223,Severe Storm(s),Austin (County),TX,Southwest,2
4225,Severe Storm(s),Fillmore (County),NE,Midwest,2
4226,Severe Storm(s),Hempstead (County),AR,Southeast,2
4227,Flood,Niobrara (County),WY,West,3
4228,Flood,West Feliciana (Parish),LA,Southeast,2
4229,Flood,Morgan (County),CO,West,2
4230,Severe Storm(s),Cheyenne (County),KS,Midwest,2
4231,Severe Storm(s),Camden (County),NJ,Northeast,2
4232,Severe Storm(s),Chittenden (County),VT,Northeast,2
4233,Severe Storm(s),Haakon (County),SD,Midwest,2
4234,Severe Storm(s),Dallas (County),IA,Midwest,2
4238,Severe Storm(s),Barry (County),MO,Midwest,2
4236,Severe Storm(s),Wood (County),WV,Southeast,2
4237,Severe Storm(s),Oglala Sioux Tribe of the Pine Ridge Reservation,SD,Midwest,2
4239,Severe Storm(s),Jackson (County),KY,Southeast,2
4240,Fire,Calaveras (County),CA,West,3
4241,Flood,Dillon (County),SC,Southeast,2
4242,Severe Storm(s),Island (County),WA,West,2
4243,Fire,Stevens (County),WA,West,2
4244,Coastal Storm,North Slope (Borough),AK,West,2
4245,Severe Storm(s),Jasper (County),TX,Southwest,2
4246,Severe Storm(s),Bonner (County),ID,West,2
4247,Severe Ice Storm,Beckham (County),OK,Southwest,2
4248,Severe Storm(s),Clay (County),MS,Southeast,2
4249,Severe Storm(s),Mason (County),WA,West,2
4251,Severe Storm(s),Chambers (County),AL,Southeast,2
4250,Flood,Mississippi (County),MO,Midwest,2
4252,Severe Storm(s),Benewah (County),ID,West,2
4253,Flood,Cowlitz (County),WA,West,2
4254,Severe Storm(s),Izard (County),AR,Southeast,2
4255,Severe Storm(s),Castro (County),TX,Southwest,2
4256,Severe Storm(s),Adair (County),OK,Southwest,2
4258,Severe Storm(s),Lane (County),OR,West,2
4257,Severe Storm(s),Aleutians West (Census Area),AK,West,2
4259,Severe Storm(s),Baker (County),GA,Southeast,2
4261,Snow,Anne Arundel (County),MD,Northeast,2
4262,Snow,Albemarle (County),VA,Southeast,2
4263,Flood,Ascension (Parish),LA,Southeast,3
4264,Severe Storm(s),Essex (County),NJ,Northeast,2
4265,Snow,Sussex (County),DE,Northeast,2
4266,Flood,Marion (County),TX,Southwest,3
4267,Snow,Bucks (County),PA,Northeast,2
4268,Flood,Claiborne (County),MS,Southeast,2
4269,Flood,Fort Bend (County),TX,Southwest,3
4270,Severe Storm(s),Cleveland (County),AR,Southeast,2
4271,Severe Storm(s),Pondera (County),MT,West,1
4272,Flood,Hardin (County),TX,Southwest,1
4273,Flood,Greenbrier (County),WV,Southeast,3
4274,Flood,Garvin (County),OK,Southwest,2
4275,Tornado,Fallon (County),MT,West,2
4276,Severe Storm(s),Florence (County),WI,Midwest,2
4277,Flood,St. Charles (Parish),LA,Southeast,2
4278,Severe Storm(s),Clay (County),KY,Southeast,2
4279,Flood,Howard (County),MD,Northeast,2
4280,Hurricane,Lafayette (County),FL,Southeast,2
4281,Flood,Fayette (County),IA,Midwest,2
4282,Mud/Landslide,Maui (County),HI,West,2
4283,Hurricane,Flagler (County),FL,Southeast,3
4284,Hurricane,Camden (County),GA,Southeast,2
4285,Hurricane,Anson (County),NC,Southeast,3
4286,Hurricane,Dorchester (County),SC,Southeast,3
4288,Flood,Richland (County),WI,Midwest,2
4287,Severe Storm(s),Sedgwick (County),KS,Midwest,2
4289,Flood,Bremer (County),IA,Midwest,2
4290,Flood,Fillmore (County),MN,Midwest,2
4291,Hurricane,Franklin,VA,Southeast,2
4292,Flood,Lycoming (County),PA,Northeast,2
4293,Fire,Sevier (County),TN,Southeast,3
4295,Tornado,Perry (County),MS,Southeast,3
4294,Severe Storm(s),Turner (County),GA,Southeast,2
4296,Severe Storm(s),Josephine (County),OR,West,2
4297,Tornado,Putnam (County),GA,Southeast,2
4298,Severe Storm(s),Cheyenne River Indian Reservation,SD,Midwest,2
4299,Severe Storm(s),Ellis (County),OK,Southwest,2
4300,Tornado,Orleans (Parish),LA,Southeast,2
4301,Severe Storm(s),Contra Costa (County),CA,West,2
4302,Severe Storm(s),Hoopa Valley Indian Reservation,CA,West,2
4303,Severe Storm(s),Douglas (County),NV,West,2
4304,Severe Ice Storm,Kiowa (County),KS,Midwest,2
4305,Flood,Contra Costa (County),CA,West,2
4306,Severe Storm(s),Teton (County),WY,West,2
4307,Severe Storm(s),Carson City,NV,West,2
4308,Flood,Colusa (County),CA,West,2
4310,Flood,Twin Falls (County),ID,West,2
4309,Flood,Grant (County),WA,West,2
4311,Flood,Box Elder (County),UT,West,2
4312,Severe Storm(s),Resighini Rancheria (Indian Reservation),CA,West,2
4313,Flood,Bonner (County),ID,West,2
4314,Severe Storm(s),Jefferson (County),MS,Southeast,2
4315,Severe Storm(s),Cimarron (County),OK,Southwest,2
4316,Severe Storm(s),Belknap (County),NH,Northeast,2
4317,Flood,Cape Girardeau (County),MO,Midwest,2
4318,Severe Storm(s),Ouachita (County),AR,Southeast,2
4319,Snow,Graham (County),KS,Midwest,2
4320,Severe Storm(s),Roane (County),TN,Southeast,2
4321,Severe Storm(s),Furnas (County),NE,Midwest,2
4323,Flood,McHenry (County),ND,Midwest,2
4322,Snow,Clinton (County),NY,Northeast,2
4324,Tornado,Muskogee (County),OK,Southwest,2
4325,Severe Storm(s),Banner (County),NE,Midwest,2
4326,Severe Storm(s),Bay (County),MI,Midwest,2
4327,Flood,Fremont (County),WY,West,2
4328,Severe Storm(s),Hood River (County),OR,West,2
4329,Severe Storm(s),Coos (County),NH,Northeast,2
4330,Severe Storm(s),Orange (County),VT,Northeast,2
4331,Severe Storm(s),Doddridge (County),WV,Southeast,2
4332,Hurricane,Burleson (County),TX,Southwest,2
4334,Severe Storm(s),Buchanan (County),IA,Midwest,2
4333,Flood,Gooding (County),ID,West,2
4337,Hurricane,Madison (County),FL,Southeast,2
4338,Hurricane,Ben Hill (County),GA,Southeast,2
4341,Hurricane,Immokalee Indian Reservation,FL,Southeast,3
4343,Severe Storm(s),Vernon (County),WI,Midwest,2
4342,Flood,Ada (County),ID,West,2
4344,Fire,Lake (County),CA,West,3
4346,Hurricane,Charleston (County),SC,Southeast,2
4345,Hurricane,Assumption (Parish),LA,Southeast,2
4347,Severe Storm(s),Wyandotte (County),KS,Midwest,2
4348,Flood,Cayuga (County),NY,Northeast,2
4349,Hurricane,Clarke (County),AL,Southeast,2
4350,Hurricane,Harrison (County),MS,Southeast,2
4352,Flood,Pueblo of Acoma,NM,Southwest,2
4351,Severe Storm(s),North Slope (Borough),AK,West,2
4354,Severe Storm(s),Lincoln (County),ME,Northeast,2
4353,Fire,Los Angeles (County),CA,West,2
4356,Severe Storm(s),Chittenden (County),VT,Northeast,2
4355,Severe Storm(s),Coos (County),NH,Northeast,2
4358,Flood,Knox (County),KY,Southeast,2
4360,Flood,Harrison (County),OH,Midwest,2
4359,Mud/Landslide,Monongalia (County),WV,Southeast,2
4361,Flood,Carlisle (County),KY,Southeast,2
4362,Severe Storm(s),Etowah (County),AL,Southeast,3
4363,Flood,Wabash (County),IN,Midwest,2
4365,Flood,Kauai (County),HI,West,3
4364,Severe Storm(s),Rockingham (County),NC,Southeast,2
4366,Volcano,Hawaii (County),HI,West,3
4367,Coastal Storm,"York (County)(in MSA 6400,6450)",ME,Northeast,2
4371,Snow,Carroll (County),NH,Northeast,2
4369,Coastal Storm,Kenai Peninsula (Borough),AK,West,2
4368,Severe Storm(s),Somerset (County),NJ,Northeast,2
4370,Coastal Storm,"Rockingham (County)(in (P)MSA 4160,4760,6450)",NH,Northeast,2
4373,Fire,Custer (County),OK,Southwest,2
4374,Severe Storm(s),Washington (County),MD,Northeast,2
4372,Severe Storm(s),"Plymouth (County)(in (P)MSA 1120,1200,5400)",MA,Northeast,2
4375,Snow,Antelope (County),NE,Midwest,2
4376,Flood,Howard (County),MD,Northeast,2
4377,Flood,Jim Wells (County),TX,Southwest,2
4378,Severe Storm(s),Grant (County),WV,Southeast,2
4379,Snow,"Essex (County)(in PMSA 1120,4160,7090)",MA,Northeast,2
4380,Severe Storm(s),Orleans (County),VT,Northeast,2
4381,Flood,Houghton (County),MI,Midwest,2
4382,Fire,Lake (County),CA,West,3
4383,Flood,Ashland (County),WI,Midwest,2
4384,Flood,Colville Indian Reservation,WA,West,2
4386,Severe Storm(s),Dallas (County),IA,Midwest,2
4385,Tornado,"New Haven (County)(in (P)MSA 1160,5480,8880)",CT,Northeast,2
4387,Severe Storm(s),Wayne (County),NE,Midwest,2
4388,Flood,Pondera (County),MT,West,2
4389,Flood,Havasupai Indian Reservation,AZ,Southwest,2
4391,Flood,Matanuska-Susitna (Borough),AK,West,2
4390,Flood,Lyon (County),MN,Midwest,2
4392,Severe Storm(s),Van Buren (County),IA,Midwest,2
4393,Hurricane,Randolph (County),NC,Southeast,2
4394,Hurricane,Charleston (County),SC,Southeast,2
4395,Hurricane,Maui (County),HI,West,2
4397,Flood,Delaware (County),NY,Northeast,2
4399,Hurricane,Jefferson (County),FL,Southeast,2
4400,Hurricane,Chattahoochee (County),GA,Southeast,2
4401,Hurricane,Grayson (County),VA,Southeast,2
4402,Flood,Iron (County),WI,Midwest,2
4403,Severe Storm(s),Marshall (County),KS,Midwest,2
4405,Flood,Park (County),MT,West,2
4406,Hurricane,Houston (County),AL,Southeast,2
4407,Fire,Ventura (County),CA,West,3
4408,Severe Storm(s),Bradford (County),PA,Northeast,2
4409,Severe Storm(s),Tohono O'odham Reservation and Trust Lands,AZ,Southwest,2
4410,Severe Storm(s),"New London (County)(in (P)MSA 3280,5520)",CT,Northeast,2
4411,Hurricane,Essex (County),VA,Southeast,2
4412,Hurricane,Alamance (County),NC,Southeast,2
4413,Earthquake,Anchorage (Borough),AK,West,3
4414,Flood,St. Louis (County),MN,Midwest,2
4415,Severe Storm(s),Greene (County),MS,Southeast,2
4417,Severe Storm(s),Greenwood (County),KS,Midwest,2
4416,Flood,Baylor (County),TX,Southwest,2
4418,Severe Storm(s),Pacific (County),WA,West,2
4419,Tornado,Lee (County),AL,Southeast,3
4420,Flood,Sac and Fox Indian Reservation (Also KS),NE,Midwest,2
4421,Flood,Dallas (County),IA,Midwest,2
4422,Severe Storm(s),La Jolla Indian Reservation,CA,West,2
4423,Severe Storm(s),Cahuilla Indian Reservation,CA,West,2
4424,Flood,Gallia (County),OH,Midwest,2
4425,Severe Storm(s),Soboba Indian Reservation,CA,West,2
4428,Severe Storm(s),Butler (County),KY,Southeast,2
4427,Flood,Cocke (County),TN,Southeast,2
4426,Severe Storm(s),Jackson (County),AL,Southeast,2
4429,Severe Storm(s),Leflore (County),MS,Southeast,2
4430,Flood,Sac and Fox Tribe of the Mississippi in Iowa,IA,Midwest,2
4431,Severe Storm(s),Mariposa (County),CA,West,2
4432,Severe Storm(s),Curry (County),OR,West,2
4434,Severe Storm(s),El Dorado (County),CA,West,2
4435,Flood,Cape Girardeau (County),MO,Midwest,2
4436,Severe Storm(s),Navajo Nation Reservation (Also NM and UT),AZ,Southwest,2
4437,Flood,Daniels (County),MT,West,2
4438,Severe Storm(s),Beckham (County),OK,Southwest,2
4439,Severe Storm(s),Union (Parish),LA,Southeast,2
4440,Flood,Brown (County),SD,Midwest,2
4441,Flood,Arkansas (County),AR,Southeast,3
4444,Flood,Emmons (County),ND,Midwest,2
4442,Flood,Big Stone (County),MN,Midwest,2
4443,Flood,Idaho (County),ID,West,2
4445,Flood,Washington (County),VT,Northeast,2
4446,Flood,Ponca (TDSA),NE,Midwest,2
4447,Tornado,Columbiana (County),OH,Midwest,2
4450,Severe Storm(s),Clarke (County),MS,Southeast,2
4449,Severe Storm(s),Atchison (County),KS,Midwest,2
4448,Severe Storm(s),Oglala Sioux Tribe of the Pine Ridge Reservation,SD,Midwest,2
4452,Flood,Grant (County),OR,West,2
4451,Severe Storm(s),Bollinger (County),MO,Midwest,2
4453,Severe Storm(s),Lincoln (County),OK,Southwest,2
4454,Flood,Cameron (County),TX,Southwest,2
4455,Flood,Grant (County),WV,Southeast,2
4456,Severe Storm(s),Creek (OTSA),OK,Southwest,2
4457,Severe Storm(s),Grafton (County),NH,Northeast,2
4459,Flood,St. Croix Indian Reservation,WI,Midwest,2
4458,Hurricane,East Feliciana (Parish),LA,Southeast,2
4460,Flood,Washington (County),AR,Southeast,2
4462,Flood,East Carroll (Parish),LA,Southeast,2
4461,Flood,Carroll (County),IL,Midwest,2
4463,Flood,Brule (County),SD,Midwest,2
4464,Hurricane,Horry (County),SC,Southeast,2
4465,Hurricane,Carteret (County),NC,Southeast,2
4466,Flood,San Jacinto (County),TX,Southwest,2
4467,Severe Storm(s),Butte (County),SD,Midwest,2
4468,Hurricane,Broward (County),FL,Southeast,2
4469,Severe Storm(s),Kingsbury (County),SD,Midwest,2
4470,Severe Storm(s),Jasper (County),MS,Southeast,2
4471,Severe Storm(s),Houston (County),TN,Southeast,2
4472,Severe Storm(s),Jefferson (County),NY,Northeast,1
4474,Severe Storm(s),Essex (County),VT,Northeast,2
4475,Flood,LaMoure (County),ND,Midwest,2
4476,Tornado,Davidson (County),TN,Southeast,3
4477,Flood,Kenosha (County),WI,Midwest,2
4478,Severe Storm(s),Chickasaw (County),MS,Southeast,2
4479,Severe Storm(s),Bamberg (County),SC,Southeast,2
4519,Flood,Umatilla (County),OR,West,3
4536,Severe Storm(s),Bolivar (County),MS,Southeast,2
4539,Flood,Lewis (County),WA,West,2
4538,Severe Storm(s),Issaquena (County),MS,Southeast,2
4541,Severe Storm(s),Scott (County),TN,Southeast,2
4540,Severe Storm(s),Hickman (County),KY,Southeast,2
4542,Severe Storm(s),Barnwell (County),SC,Southeast,3
4543,Severe Storm(s),Gaston (County),NC,Southeast,2
4544,Tornado,Craighead (County),AR,Southeast,2
4546,Severe Storm(s),Blount (County),AL,Southeast,2
4553,Flood,Nelson (County),ND,Midwest,2
4552,Severe Storm(s),Laclede (County),MO,Midwest,2
4551,Severe Storm(s),Amite (County),MS,Southeast,2
4550,Severe Storm(s),Davidson (County),TN,Southeast,2
4549,Severe Storm(s),Kauai (County),HI,West,2
4548,Earthquake,Davis (County),UT,West,2
4556,Tornado,Desha (County),AR,Southeast,2
4555,Severe Storm(s),Etowah (County),AL,Southeast,2
4554,Severe Storm(s),Tallapoosa (County),AL,Southeast,2
4557,Severe Storm(s),Muscatine (County),IA,Midwest,2
4558,Fire,Tuolumne (County),CA,West,2
4559,Hurricane,Claiborne (Parish),LA,Southeast,2
4561,Severe Storm(s),Sac and Fox Tribe of the Mississippi in Iowa,IA,Midwest,2
4562,Fire,Klamath (County),OR,West,3
4563,Hurricane,Crenshaw (County),AL,Southeast,2
4564,Hurricane,Calhoun (County),FL,Southeast,2
