disaster_number,incident_type,incident_month,incident_begin_year,incident_duration
608,Tornado,10,1979,1
609,Earthquake,10,1979,1
612,Flood,12,1979,1
613,Flood,2,1980,1
614,Flood,2,1980,1
615,Flood,1,1980,1
616,Flood,4,1980,1
617,Tornado,4,1980,1
618,Severe Storm(s),4,1980,1
619,Severe Storm(s),4,1980,1
620,Tornado,5,1980,1
621,Tornado,5,1980,1
623,Volcano,5,1980,1
622,Flood,5,1980,1
624,Volcano,5,1980,1
625,Tornado,6,1980,1
626,Flood,7,1980,1
627,Hurricane,8,1980,1
628,Flood,8,1980,7
629,Flood,8,1980,1
630,Flood,8,1980,1
631,Flood,9,1980,1
632,Flood,9,1980,1
633,Flood,10,1980,1
635,Fire,11,1980,1
638,Severe Storm(s),4,1981,1
639,Flood,5,1981,1
640,Flood,5,1981,1
641,Flood,6,1981,1
643,Severe Storm(s),6,1981,1
642,Severe Storm(s),6,1981,1
644,Severe Storm(s),7,1981,1
645,Flood,8,1981,1
646,Flood,9,1981,1
648,Flood,10,1981,1
649,Flood,11,1981,1
650,Fire,12,1981,1
651,Flood,12,1981,20
652,Flood,3,1982,1
653,Flood,3,1982,11
654,Flood,3,1982,1
655,Tornado,4,1982,1
656,Flood,4,1982,1
657,Fire,4,1982,1
658,Flood,5,1982,1
659,Flood,5,1982,1
660,Tornado,6,1982,1
661,Flood,6,1982,1
662,Flood,6,1982,1
663,Flood,6,1982,1
664,Flood,7,1982,1
665,Flood,7,1982,1
666,Flood,8,1982,1
667,Flood,8,1982,1
668,Flood,9,1982,1
669,Flood,8,1982,21
670,Flood,9,1982,1
671,Typhoon,11,1982,1
672,Flood,12,1982,1
674,Severe Storm(s),12,1982,1
673,Severe Storm(s),12,1982,1
675,Flood,1,1983,1
676,Flood,1,1983,1
677,Coastal Storm,1,1983,68
678,Severe Storm(s),4,1983,1
679,Flood,4,1983,1
680,Flood,4,1983,1
682,Earthquake,5,1983,1
683,Severe Storm(s),6,1983,1
684,Severe Storm(s),6,1983,1
685,Flood,6,1983,1
687,Flood,6,1983,230
686,Flood,6,1983,4
688,Flood,7,1983,1
689,Hurricane,8,1983,2
690,Flood,8,1983,3
691,Flood,9,1983,17
692,Flood,9,1983,14
693,Flood,10,1983,4
694,Earthquake,10,1983,89
695,Severe Storm(s),12,1983,4
696,Freezing,12,1983,4
697,Snow,1,1984,94
698,Freezing,12,1983,2
699,Tornado,3,1984,1
700,Tornado,3,1984,1
701,Flood,3,1984,11
702,Flood,3,1984,11
703,Tornado,3,1984,1
704,Tornado,4,1984,3
706,Flood,5,1984,1
705,Severe Storm(s),5,1984,1
707,Flood,5,1984,1
708,Flood,5,1984,5
709,Flood,5,1984,1
710,Tornado,6,1984,1
712,Flood,6,1984,2
711,Flood,5,1984,6
713,Flood,6,1984,10
714,Severe Storm(s),6,1984,2
715,Severe Storm(s),6,1984,1
716,Tornado,6,1984,11
717,Flood,6,1984,1
718,Tornado,4,1984,1
719,Flood,7,1984,1
720,Flood,8,1984,1
721,Flood,8,1984,1
722,Flood,8,1984,18
723,Flood,9,1984,1
724,Hurricane,9,1984,1
725,Flood,9,1984,1
726,Flood,9,1984,2
727,Flood,10,1984,1
728,Flood,10,1984,1
730,Severe Storm(s),1,1985,1
731,Flood,1,1985,1
732,Freezing,3,1985,1
733,Flood,3,1985,1
734,Snow,3,1985,1
735,Flood,2,1985,41
738,Tornado,5,1985,1
737,Tornado,5,1985,1
739,Fire,6,1985,23
740,Flood,8,1985,1
741,Hurricane,8,1985,6
742,Hurricane,8,1985,4
743,Hurricane,8,1985,4
744,Flood,9,1985,23
745,Hurricane,9,1985,1
747,Hurricane,9,1985,1
748,Hurricane,9,1985,1
749,Hurricane,9,1985,1
750,Hurricane,9,1985,1
751,Hurricane,9,1985,1
752,Hurricane,10,1985,13
753,Flood,11,1985,4
755,Flood,11,1985,1
754,Flood,11,1985,3
756,Hurricane,11,1985,1
757,Flood,1,1986,3
758,Flood,2,1986,26
759,Flood,2,1986,25
760,Flood,2,1986,10
761,Flood,2,1986,11
762,Flood,2,1986,2
763,Tornado,4,1986,1
764,Flood,3,1986,49
766,Flood,5,1986,1
767,Tornado,3,1986,1
769,Flood,5,1986,1
770,Flood,8,1986,1
771,Flood,7,1986,12
773,Flood,11,1985,2
772,Tornado,5,1986,1
774,Flood,9,1986,30
775,Flood,9,1986,23
776,Flood,9,1986,24
779,Flood,9,1986,27
778,Flood,9,1986,19
777,Flood,9,1986,33
780,Flood,10,1986,2
781,Flood,9,1986,1
782,Flood,10,1986,3
784,Flood,11,1986,7
787,Severe Storm(s),2,1987,1
788,Flood,3,1987,13
789,Flood,3,1987,12
790,Flood,3,1987,14
792,Flood,4,1987,4
793,Tornado,5,1987,1
794,Flood,5,1987,12
796,Flood,7,1987,9
795,Flood,5,1987,5
797,Severe Storm(s),7,1987,16
798,Flood,8,1987,17
799,Earthquake,10,1987,50
801,Snow,10,1987,1
802,Tornado,11,1987,1
804,Tornado,11,1987,4
806,Tornado,12,1987,1
807,Flood,12,1987,10
808,Flood,11,1987,51
812,Flood,1,1988,5
813,Fire,2,1988,1
814,Tornado,7,1988,1
815,Fire,9,1988,13
816,Hurricane,9,1988,2
817,Tornado,11,1988,5
818,Tornado,11,1988,1
819,Tornado,1,1989,1
820,Flood,1,1989,1
821,Flood,1,1989,54
822,Flood,3,1989,9
823,Flood,3,1989,1
824,Flood,3,1989,40
825,Flood,3,1989,40
826,Freezing,1,1989,31
827,Tornado,5,1989,1
828,Severe Storm(s),5,1989,34
829,Flood,5,1989,23
830,Flood,5,1989,8
831,Flood,5,1989,34
832,Flood,5,1989,40
833,Tornado,6,1989,1
834,Flood,6,1989,21
835,Flood,6,1989,26
837,Tornado,7,1989,1
836,Flood,6,1989,12
839,Severe Storm(s),6,1989,1
840,Flood,8,1989,1
843,Hurricane,9,1989,1
844,Hurricane,9,1989,1
845,Earthquake,10,1989,62
846,Flood,10,1989,2
847,Flood,10,1989,1
848,Tornado,11,1989,1
849,Flood,11,1989,2
850,Freezing,12,1989,3
851,Freezing,12,1989,2
852,Flood,1,1990,8
853,Flood,1,1990,3
856,Severe Storm(s),2,1990,13
857,Severe Storm(s),2,1990,14
858,Flood,2,1990,5
859,Severe Storm(s),1,1990,50
860,Severe Ice Storm,2,1990,1
861,Severe Storm(s),3,1990,13
862,Flood,3,1990,24
863,Severe Storm(s),4,1990,44
865,Flood,5,1990,33
866,Severe Storm(s),4,1990,48
867,Flood,5,1990,16
868,Flood,5,1990,49
869,Severe Storm(s),5,1990,44
870,Severe Storm(s),5,1990,48
871,Severe Storm(s),5,1990,49
872,Fire,6,1990,7
873,Severe Storm(s),6,1990,50
874,Severe Storm(s),6,1990,27
875,Flood,7,1990,19
876,Flood,8,1990,4
878,Tornado,8,1990,1
877,Flood,8,1990,2
879,Flood,7,1990,37
880,Flood,10,1990,18
881,Flood,10,1990,17
883,Flood,11,1990,41
884,Flood,7,1990,68
885,Flood,11,1990,17
888,Severe Storm(s),12,1990,26
889,Flood,12,1990,26
890,Flood,12,1990,26
891,Flood,12,1990,25
893,Flood,12,1990,58
894,Freezing,12,1990,15
895,Flood,2,1991,32
896,Flood,12,1990,11
897,Flood,3,1991,20
898,Snow,3,1990,1
899,Severe Ice Storm,3,1991,3
900,Severe Storm(s),4,1991,1
901,Snow,4,1991,18
902,Flood,4,1991,14
903,Tornado,4,1991,23
904,Severe Storm(s),4,1991,34
905,Tornado,4,1991,1
906,Severe Storm(s),4,1991,35
908,Flood,5,1991,36
907,Flood,4,1991,29
909,Snow,4,1991,40
910,Flood,5,1991,33
911,Flood,6,1991,14
912,Severe Storm(s),7,1991,1
914,Hurricane,8,1991,1
913,Hurricane,8,1991,1
915,Hurricane,8,1991,3
916,Hurricane,8,1991,1
917,Hurricane,8,1991,2
918,Hurricane,8,1991,1
919,Fire,10,1991,9
920,Coastal Storm,10,1991,3
921,Coastal Storm,10,1991,3
922,Fire,10,1991,8
923,Coastal Storm,10,1991,1
930,Flood,12,1991,25
929,Severe Ice Storm,10,1991,29
928,Severe Ice Storm,10,1991,29
933,Flood,1,1992,1
935,Flood,2,1992,8
936,Severe Storm(s),1,1992,1
938,Flood,3,1992,1
939,Tornado,3,1992,1
937,Flood,3,1992,26
940,Flood,3,1992,27
941,Flood,4,1992,38
942,Fire,4,1992,29
943,Earthquake,4,1992,30
944,Flood,4,1992,1
945,Flood,5,1992,3
946,Severe Storm(s),6,1992,4
948,Severe Storm(s),6,1992,10
947,Earthquake,6,1992,125
949,Tornado,6,1992,1
950,Severe Storm(s),6,1992,5
951,Severe Storm(s),7,1992,20
952,Flood,6,1992,7
953,Flood,8,1992,1
954,Flood,7,1992,18
955,Hurricane,8,1992,1
956,Hurricane,8,1992,5
958,Fire,8,1992,41
959,Tornado,8,1992,1
960,Severe Storm(s),5,1992,90
961,Hurricane,9,1992,1
962,Severe Storm(s),6,1992,37
963,Tornado,6,1992,1
964,Flood,9,1992,10
965,Flood,9,1992,1
966,Severe Storm(s),10,1992,1
967,Tornado,10,1992,1
968,Tornado,11,1992,1
969,Tornado,11,1992,15
970,Tornado,11,1992,1
972,Flood,12,1992,3
973,Flood,12,1992,7
975,Coastal Storm,12,1992,2
974,Flood,12,1992,4
976,Coastal Storm,12,1992,3
977,Flood,1,1993,60
978,Flood,1,1993,5
979,Flood,1,1993,74
980,Tornado,2,1993,1
981,Severe Storm(s),1,1993,1
982,Tornado,3,1993,4
983,Flood,3,1993,14
986,Flood,3,1993,17
987,Tornado,4,1993,1
985,Earthquake,3,1993,1
988,Flood,4,1993,6
989,Flood,4,1993,44
991,Severe Storm(s),5,1993,18
990,Flood,4,1993,32
992,Flood,1,1993,53
993,Severe Storm(s),5,1993,111
994,Severe Storm(s),6,1993,79
997,Flood,4,1993,192
996,Flood,4,1993,171
995,Flood,6,1993,137
999,Severe Storm(s),5,1993,127
998,Flood,6,1993,43
1000,Flood,6,1993,99
1001,Flood,6,1993,94
1002,Severe Storm(s),8,1993,1
1003,Hurricane,8,1993,1
1004,Earthquake,9,1993,1
1005,Fire,10,1993,178
1006,Severe Storm(s),11,1993,6
1007,Severe Storm(s),8,1993,1
1008,Earthquake,1,1994,317
1009,Severe Storm(s),2,1994,5
1012,Severe Storm(s),2,1994,2
1011,Snow,2,1994,1
1010,Severe Storm(s),2,1994,2
1013,Severe Storm(s),1,1994,29
1015,Severe Storm(s),1,1994,52
1014,Snow,2,1994,4
1018,Snow,2,1994,2
1016,Snow,2,1994,10
1017,Severe Storm(s),2,1994,10
1019,Severe Storm(s),3,1994,14
1020,Tornado,3,1994,14
1021,Severe Storm(s),3,1994,4
1022,Flood,3,1994,9
1023,Severe Storm(s),4,1994,26
1024,Severe Storm(s),4,1994,23
1025,Severe Storm(s),4,1994,25
1026,Severe Storm(s),4,1994,9
1027,Snow,4,1994,3
1028,Freezing,1,1994,151
1029,Flood,4,1994,24
1031,Severe Storm(s),3,1994,150
1032,Severe Storm(s),3,1994,153
1033,Tornado,7,1994,22
1034,Severe Storm(s),7,1994,17
1035,Severe Storm(s),7,1994,27
1039,Severe Storm(s),8,1994,38
1041,Flood,10,1994,25
1042,Severe Storm(s),10,1994,46
1043,Severe Storm(s),11,1994,14
1044,Severe Storm(s),1,1995,38
1046,Severe Storm(s),2,1995,65
1045,Snow,1,1995,28
1047,Severe Storm(s),2,1995,5
1049,Severe Storm(s),5,1995,8
1051,Severe Storm(s),5,1995,9
1050,Severe Storm(s),3,1995,126
1052,Flood,3,1995,111
1053,Severe Storm(s),5,1995,31
1054,Severe Storm(s),5,1995,41
1055,Tornado,5,1995,6
1056,Severe Storm(s),5,1995,3
1057,Tornado,5,1995,32
1058,Tornado,5,1995,16
1059,Severe Storm(s),6,1995,15
1060,Severe Storm(s),6,1995,5
1061,Flood,7,1995,1
1062,Hurricane,8,1995,1
1063,Severe Storm(s),8,1995,2
1064,Severe Storm(s),7,1995,5
1065,Severe Storm(s),8,1995,11
1066,Severe Storm(s),7,1995,16
1070,Hurricane,10,1995,4
1069,Hurricane,10,1995,7
1071,Hurricane,10,1995,1
1072,Flood,9,1995,22
1073,Flood,10,1995,2
1074,Flood,10,1995,38
1076,Severe Storm(s),11,1995,1
1079,Severe Storm(s),11,1995,41
1077,Flood,10,1995,26
1075,Snow,10,1995,2
1078,Snow,10,1995,1
1081,Snow,1,1996,6
1083,Snow,1,1996,6
1082,Snow,1,1996,6
1089,Snow,1,1996,7
1088,Snow,1,1996,5
1087,Snow,1,1996,6
1086,Snow,1,1996,6
1085,Snow,1,1996,6
1084,Snow,1,1996,6
1093,Flood,1,1996,13
1094,Flood,1,1996,12
1095,Flood,1,1996,11
1092,Snow,1,1996,6
1091,Snow,1,1996,6
1090,Snow,1,1996,6
1096,Flood,1,1996,14
1098,Flood,1,1996,13
1097,Flood,1,1996,11
1100,Flood,1,1996,28
1099,Flood,2,1996,17
1102,Severe Storm(s),2,1996,17
1101,Flood,1,1996,14
1105,Severe Storm(s),2,1996,25
1104,Severe Storm(s),2,1996,11
1103,Snow,2,1996,7
1106,Severe Storm(s),1,1996,18
1107,Severe Storm(s),12,1996,2
1108,Severe Storm(s),3,1996,1
1109,Flood,1,1996,6
1111,Severe Storm(s),4,1996,1
1110,Severe Storm(s),4,1996,1
1112,Severe Storm(s),4,1996,19
1113,Severe Storm(s),3,1996,96
1114,Severe Storm(s),4,1996,1
1115,Flood,5,1996,26
1116,Flood,3,1996,95
1117,Severe Storm(s),5,1996,1
1118,Severe Storm(s),3,1996,101
1119,Fire,6,1996,13
1120,Flood,6,1996,7
1122,Flood,5,1996,53
1121,Severe Storm(s),5,1996,20
1123,Severe Storm(s),5,1996,20
1124,Flood,6,1996,2
1125,Severe Storm(s),4,1996,27
1127,Hurricane,7,1996,3
1128,Severe Storm(s),6,1996,10
1129,Severe Storm(s),7,1996,21
1130,Flood,7,1996,1
1131,Flood,7,1996,5
1132,Fire,7,1996,13
1133,Severe Storm(s),6,1996,15
1135,Hurricane,9,1996,18
1134,Hurricane,9,1996,46
1137,Severe Storm(s),9,1996,3
1138,Flood,9,1996,2
1139,Hurricane,9,1996,3
1140,Flood,9,1996,40
1141,Severe Storm(s),10,1996,14
1142,Flood,10,1996,5
1143,Flood,10,1996,6
1144,Flood,10,1996,3
1146,Severe Storm(s),10,1996,1
1145,Severe Storm(s),10,1996,5
1147,Flood,11,1996,34
1148,Severe Storm(s),11,1996,7
1149,Flood,11,1996,24
1150,Flood,11,1996,7
1153,Severe Storm(s),12,1996,28
1155,Severe Storm(s),12,1996,94
1154,Severe Storm(s),11,1996,48
1152,Severe Ice Storm,11,1996,15
1151,Severe Storm(s),11,1996,16
1156,Severe Storm(s),1,1997,28
1157,Severe Storm(s),1,1997,28
1158,Severe Storm(s),1,1997,31
1159,Severe Storm(s),12,1996,46
1160,Severe Storm(s),12,1996,12
1161,Severe Storm(s),11,1996,13
1162,Severe Storm(s),3,1997,3
1163,Severe Storm(s),3,1997,30
1164,Severe Storm(s),2,1997,17
1165,Severe Storm(s),2,1997,31
1168,Flood,2,1997,15
1167,Tornado,2,1997,24
1169,Severe Storm(s),1,1997,5
1170,Severe Storm(s),3,1997,31
1172,Flood,3,1997,10
1171,Severe Storm(s),3,1997,1
1174,Flood,2,1997,85
1173,Flood,2,1997,110
1175,Flood,3,1997,64
1176,Flood,4,1997,17
1178,Flood,2,1997,52
1177,Severe Storm(s),3,1997,108
1180,Severe Storm(s),6,1997,2
1179,Flood,6,1997,24
1181,Severe Storm(s),7,1997,1
1182,Flood,4,1997,81
1184,Flood,7,1997,2
1183,Severe Storm(s),3,1997,158
1185,Severe Storm(s),7,1997,5
1186,Flood,7,1997,15
1187,Severe Storm(s),6,1997,29
1188,Severe Storm(s),8,1997,1
1189,Severe Storm(s),8,1997,1
1190,Severe Storm(s),10,1997,2
1191,Snow,10,1997,2
1195,Severe Storm(s),12,1997,120
1196,Snow,1,1998,12
1198,Severe Storm(s),1,1998,20
1197,Severe Storm(s),1,1998,37
1201,Severe Storm(s),1,1998,10
1200,Severe Storm(s),1,1998,36
1199,Severe Storm(s),1,1998,18
1202,Severe Storm(s),12,1997,3
1203,Severe Storm(s),2,1998,87
1204,Severe Storm(s),2,1998,2
1205,Severe Storm(s),1,1998,9
1207,Severe Storm(s),2,1998,2
1206,Coastal Storm,2,1998,4
1208,Severe Storm(s),3,1998,14
1209,Severe Storm(s),2,1998,86
1211,Severe Storm(s),3,1998,12
1212,Tornado,3,1998,1
1214,Severe Storm(s),4,1998,12
1215,Severe Storm(s),4,1998,32
1216,Severe Storm(s),4,1998,24
1217,Severe Storm(s),3,1998,3
1218,Flood,4,1998,58
1219,Severe Storm(s),5,1998,2
1221,Flood,5,1998,6
1220,Flood,3,1998,138
1222,Severe Storm(s),5,1998,2
1223,Fire,5,1998,58
1225,Tornado,5,1998,44
1224,Flood,6,1998,23
1226,Severe Storm(s),5,1998,2
1228,Severe Storm(s),6,1998,61
1227,Severe Storm(s),6,1998,11
1229,Severe Storm(s),6,1998,31
1232,Severe Storm(s),6,1998,18
1230,Flood,6,1998,32
1231,Severe Storm(s),6,1998,20
1233,Severe Storm(s),6,1998,15
1234,Severe Storm(s),6,1998,26
1235,Severe Storm(s),7,1998,15
1236,Severe Storm(s),6,1998,12
1237,Severe Storm(s),7,1998,1
1238,Severe Storm(s),8,1998,10
1239,Severe Storm(s),8,1998,9
1240,Hurricane,8,1998,12
1241,Hurricane,9,1998,1
1242,Hurricane,8,1998,7
1243,Hurricane,8,1998,7
1244,Severe Storm(s),9,1998,1
1246,Hurricane,9,1998,25
1245,Severe Storm(s),9,1998,26
1249,Hurricane,9,1998,12
1250,Hurricane,9,1998,11
1251,Hurricane,9,1998,10
1252,Severe Storm(s),5,1998,3
1254,Severe Storm(s),10,1998,7
1253,Severe Storm(s),10,1998,7
1255,Mud/Landslide,3,1998,258
1256,Severe Storm(s),7,1998,21
1257,Flood,10,1998,29
1258,Severe Storm(s),10,1998,16
1259,Severe Storm(s),11,1998,1
1261,Severe Storm(s),12,1998,6
1260,Severe Storm(s),12,1998,6
1262,Severe Storm(s),1,1999,15
1264,Severe Storm(s),12,1998,6
1263,Severe Storm(s),10,1998,3
1266,Severe Storm(s),1,1999,10
1265,Severe Ice Storm,12,1998,3
1267,Freezing,12,1998,8
1268,Severe Ice Storm,10,1998,4
1269,Severe Storm(s),4,1999,4
1270,Severe Storm(s),4,1999,11
1271,Severe Storm(s),4,1999,1
1273,Tornado,5,1999,3
1272,Tornado,5,1999,1
1274,Tornado,5,1999,1
1275,Severe Storm(s),5,1999,14
1276,Severe Storm(s),4,1999,20
1277,Severe Storm(s),5,1999,13
1278,Severe Storm(s),5,1999,1
1279,Flood,3,1999,140
1280,Tornado,6,1999,14
1281,Severe Storm(s),7,1999,8
1282,Severe Storm(s),7,1999,39
1283,Severe Storm(s),7,1999,29
1284,Flood,7,1999,27
1285,Tornado,8,1999,1
1286,Severe Storm(s),8,1999,3
1287,Hurricane,8,1999,5
1288,Severe Ice Storm,3,1999,90
1289,Severe Storm(s),8,1999,1
1290,Hurricane,8,1999,17
1291,Hurricane,8,1999,13
1292,Hurricane,9,1999,48
1295,Hurricane,9,1999,2
1294,Hurricane,9,1999,13
1293,Hurricane,9,1999,13
1296,Hurricane,9,1999,2
1299,Hurricane,9,1999,16
1297,Hurricane,9,1999,2
1301,Severe Storm(s),7,1999,22
1300,Hurricane,9,1999,12
1298,Flood,9,1999,1
1302,Hurricane,9,1999,5
1303,Hurricane,9,1999,4
1304,Severe Storm(s),9,1999,9
1305,Hurricane,9,1999,2
1306,Hurricane,10,1999,10
1307,Severe Storm(s),9,1999,5
1308,Hurricane,9,1999,3
1310,Tornado,1,2000,1
1311,Severe Storm(s),1,2000,10
1313,Severe Storm(s),1,2000,10
1312,Severe Storm(s),1,2000,8
1315,Severe Storm(s),2,2000,1
1314,Snow,1,2000,3
1316,Severe Storm(s),12,1999,64
1317,Severe Storm(s),1,2000,7
1320,Severe Storm(s),2,2000,13
1319,Flood,2,2000,4
1318,Severe Storm(s),1,2000,5
1321,Severe Storm(s),2,2000,13
1322,Severe Storm(s),3,2000,1
1323,Tornado,3,2000,1
1324,Severe Storm(s),1,2000,5
1326,Severe Storm(s),3,2000,29
1327,Severe Storm(s),4,2000,1
1328,Flood,5,2000,1
1329,Fire,5,2000,35
1330,Severe Storm(s),4,2000,2
1331,Severe Storm(s),5,2000,8
1332,Severe Storm(s),5,2000,54
1334,Severe Storm(s),4,2000,129
1333,Severe Storm(s),5,2000,70
1335,Severe Storm(s),5,2000,101
1336,Severe Storm(s),7,2000,4
1337,Severe Storm(s),8,2000,9
1339,Severe Storm(s),7,2000,4
1340,Fire,7,2000,74
1341,Fire,7,2000,61
1342,Earthquake,9,2000,1
1343,Severe Storm(s),9,2000,1
1344,Severe Storm(s),9,2000,13
1345,Severe Storm(s),10,2000,8
1346,Severe Storm(s),9,2000,1
1347,Severe Storm(s),10,2000,18
1348,Severe Storm(s),10,2000,5
1349,Severe Storm(s),10,2000,8
1350,Severe Storm(s),10,2000,20
1351,Severe Storm(s),10,2000,20
1352,Severe Storm(s),12,2000,6
1354,Severe Ice Storm,12,2000,27
1353,Tornado,11,2000,19
1355,Severe Ice Storm,12,2000,16
1356,Severe Ice Storm,12,2000,34
1357,Severe Ice Storm,12,2000,23
1358,Severe Storm(s),12,2000,2
1359,Freezing,12,2000,55
1360,Severe Storm(s),2,2001,27
1361,Earthquake,2,2001,16
1362,Severe Storm(s),2,2001,1
1363,Severe Storm(s),2,2001,35
1364,Severe Storm(s),3,2001,42
1365,Severe Storm(s),4,2001,2
1366,Severe Storm(s),4,2001,10
1367,Severe Storm(s),4,2001,51
1368,Flood,4,2001,41
1369,Flood,4,2001,87
1373,Severe Storm(s),4,2001,13
1370,Flood,3,2001,102
1371,Severe Storm(s),3,2001,26
1375,Flood,3,2001,60
1374,Severe Storm(s),4,2001,11
1376,Flood,3,2001,161
1377,Severe Storm(s),4,2001,1
1378,Severe Storm(s),5,2001,112
1379,Coastal Storm,6,2001,15
1380,Coastal Storm,6,2001,17
1381,Severe Storm(s),6,2001,4
1382,Severe Storm(s),6,2001,7
1383,Severe Storm(s),6,2001,8
1384,Severe Storm(s),5,2001,3
1385,Severe Storm(s),6,2001,11
1386,Severe Storm(s),7,2001,50
1388,Severe Storm(s),7,2001,25
1387,Severe Storm(s),7,2001,26
1390,Severe Storm(s),7,2001,1
1391,Fire,9,2001,1
1393,Coastal Storm,9,2001,8
1394,Severe Storm(s),8,2001,1
1395,Severe Storm(s),10,2001,1
1399,Severe Storm(s),11,2001,1
1398,Severe Storm(s),11,2001,23
1400,Severe Storm(s),12,2001,46
1401,Severe Ice Storm,1,2002,12
1403,Severe Ice Storm,1,2002,15
1402,Severe Ice Storm,1,2002,17
1404,Snow,12,2001,5
1405,Severe Storm(s),2,2002,1
1406,Severe Storm(s),3,2002,3
1407,Severe Storm(s),3,2002,4
1408,Severe Storm(s),1,2002,56
1409,Tornado,4,2002,1
1411,Severe Storm(s),4,2002,5
1410,Severe Storm(s),5,2002,18
1413,Flood,4,2002,29
1412,Severe Storm(s),4,2002,47
1414,Severe Storm(s),4,2002,13
1415,Earthquake,4,2002,1
1416,Tornado,4,2002,32
1418,Severe Storm(s),4,2002,40
1419,Severe Storm(s),6,2002,19
1421,Fire,4,2002,105
1420,Flood,6,2002,22
1422,Fire,6,2002,19
1423,Flood,4,2002,33
1424,Severe Storm(s),6,2002,13
1425,Flood,6,2002,32
1428,Severe Storm(s),6,2002,8
1429,Severe Storm(s),6,2002,4
1432,Tornado,9,2002,4
1431,Severe Storm(s),6,2002,64
1433,Severe Storm(s),9,2002,1
1434,Coastal Storm,9,2002,24
1435,Hurricane,9,2002,10
1436,Hurricane,9,2002,13
1437,Hurricane,10,2002,15
1438,Hurricane,9,2002,8
1439,Severe Storm(s),10,2002,22
1440,Earthquake,11,2002,7
1441,Severe Storm(s),11,2002,3
1442,Severe Storm(s),11,2002,7
1443,Severe Storm(s),11,2002,1
1444,Severe Storm(s),11,2002,1
1445,Severe Storm(s),10,2002,58
1448,Severe Ice Storm,12,2002,2
1450,Severe Ice Storm,12,2002,1
1451,Severe Ice Storm,12,2002,2
1452,Severe Ice Storm,12,2002,1
1455,Severe Storm(s),2,2003,40
1454,Severe Storm(s),2,2003,11
1453,Severe Storm(s),2,2003,32
1456,Severe Storm(s),2,2003,12
1458,Severe Storm(s),2,2003,13
1457,Severe Ice Storm,2,2003,1
1459,Severe Storm(s),4,2003,19
1460,Severe Storm(s),3,2003,1
1461,Severe Storm(s),3,2003,8
1463,Severe Storm(s),5,2003,26
1462,Severe Storm(s),5,2003,26
1464,Severe Storm(s),5,2003,26
1465,Severe Storm(s),5,2003,22
1467,Severe Ice Storm,4,2003,2
1466,Severe Storm(s),5,2003,25
1468,Freezing,12,2002,166
1469,Severe Storm(s),5,2003,5
1470,Severe Storm(s),5,2003,3
1471,Severe Storm(s),5,2003,23
1472,Severe Storm(s),5,2003,39
1474,Severe Storm(s),6,2003,34
1475,Severe Storm(s),6,2003,13
1476,Severe Storm(s),7,2003,33
1477,Fire,6,2003,28
1478,Severe Storm(s),7,2003,7
1479,Hurricane,7,2003,13
1480,Severe Storm(s),6,2003,35
1481,Severe Storm(s),6,2003,70
1482,Severe Storm(s),7,2003,1
1484,Tornado,7,2003,35
1483,Severe Storm(s),6,2003,1
1485,Severe Storm(s),7,2003,53
1486,Severe Storm(s),7,2003,23
1487,Severe Storm(s),8,2003,20
1489,Severe Storm(s),7,2003,28
1488,Severe Storm(s),7,2003,28
1491,Hurricane,9,2003,13
1490,Hurricane,9,2003,8
1492,Hurricane,9,2003,11
1494,Hurricane,9,2003,11
1496,Hurricane,9,2003,12
1495,Hurricane,9,2003,1
1497,Severe Storm(s),9,2003,8
1498,Fire,10,2003,162
1499,Severe Storm(s),10,2003,8
1500,Severe Storm(s),11,2003,19
1502,Severe Storm(s),11,2003,1
1505,Earthquake,12,2003,46
1507,Severe Storm(s),1,2004,27
1508,Severe Storm(s),12,2003,21
1509,Severe Ice Storm,1,2004,4
1510,Severe Storm(s),12,2003,19
1512,Flood,4,2004,29
1513,Severe Storm(s),4,2004,3
1514,Severe Storm(s),4,2004,9
1515,Severe Storm(s),3,2004,80
1516,Severe Storm(s),4,2004,29
1518,Severe Storm(s),5,2004,36
1517,Severe Storm(s),5,2004,12
1519,Severe Storm(s),5,2004,34
1520,Severe Storm(s),5,2004,31
1522,Severe Storm(s),5,2004,32
1521,Severe Storm(s),5,2004,7
1523,Severe Storm(s),5,2004,23
1524,Severe Storm(s),5,2004,13
1525,Severe Storm(s),5,2004,33
1526,Severe Storm(s),5,2004,57
1528,Severe Storm(s),5,2004,40
1527,Severe Storm(s),5,2004,19
1530,Severe Storm(s),7,2004,11
1531,Severe Storm(s),5,2004,19
1535,Severe Storm(s),6,2004,43
1534,Severe Storm(s),5,2004,35
1538,Severe Storm(s),7,2004,29
1537,Severe Storm(s),7,2004,2
1536,Severe Storm(s),7,2004,41
1539,Hurricane,8,2004,19
1540,Fire,7,2004,13
1542,Severe Storm(s),7,2004,15
1543,Hurricane,8,2004,1
1544,Severe Storm(s),8,2004,9
1545,Hurricane,9,2004,35
1546,Hurricane,9,2004,5
1550,Hurricane,9,2004,7
1549,Hurricane,9,2004,17
1548,Hurricane,9,2004,13
1547,Severe Storm(s),8,2004,2
1551,Hurricane,9,2004,65
1554,Hurricane,9,2004,46
1553,Hurricane,9,2004,7
1557,Hurricane,9,2004,14
1556,Severe Storm(s),8,2004,31
1555,Severe Storm(s),9,2004,1
1558,Severe Storm(s),9,2004,11
1559,Severe Storm(s),8,2004,31
1560,Hurricane,9,2004,57
1561,Hurricane,9,2004,54
1562,Severe Storm(s),8,2004,3
1565,Severe Storm(s),9,2004,8
1564,Severe Storm(s),8,2004,34
1563,Severe Storm(s),9,2004,13
1569,Severe Storm(s),9,2004,13
1568,Severe Storm(s),9,2004,4
1566,Hurricane,9,2004,35
1570,Severe Storm(s),9,2004,3
1571,Severe Storm(s),10,2004,6
1572,Severe Storm(s),9,2004,4
1573,Severe Storm(s),1,2005,41
1574,Severe Storm(s),1,2005,21
1575,Severe Storm(s),10,2004,1
1576,Severe Storm(s),1,2005,4
1577,Severe Storm(s),12,2004,15
1579,Severe Storm(s),1,2005,2
1578,Snow,12,2004,2
1580,Severe Storm(s),12,2004,41
1581,Severe Storm(s),12,2004,15
1583,Severe Storm(s),1,2005,6
1584,Severe Storm(s),1,2005,5
1587,Severe Storm(s),4,2005,21
1586,Severe Storm(s),2,2005,5
1585,Severe Storm(s),2,2005,7
1589,Severe Storm(s),4,2005,2
1588,Severe Storm(s),4,2005,2
1590,Severe Storm(s),5,2005,1
1591,Severe Storm(s),3,2005,35
1592,Flood,5,2005,14
1595,Hurricane,7,2005,13
1594,Hurricane,7,2005,5
1593,Hurricane,7,2005,6
1597,Severe Storm(s),6,2005,36
1596,Severe Storm(s),6,2005,1
1598,Flood,4,2005,62
1599,Tornado,8,2005,1
1600,Severe Storm(s),6,2005,1
1601,Severe Storm(s),7,2005,1
1602,Hurricane,8,2005,13
1603,Hurricane,8,2005,64
1604,Hurricane,8,2005,46
1605,Hurricane,8,2005,28
1607,Hurricane,9,2005,39
1606,Hurricane,9,2005,21
1608,Hurricane,9,2005,6
1609,Hurricane,10,2005,26
1610,Severe Storm(s),10,2005,11
1612,Tornado,11,2005,1
1614,Severe Storm(s),10,2005,9
1615,Severe Storm(s),10,2005,1
1616,Snow,10,2005,2
1617,Severe Storm(s),11,2005,1
1618,Severe Storm(s),9,2005,4
1619,Severe Storm(s),10,2005,1
1620,Severe Storm(s),11,2005,2
1622,Severe Storm(s),11,2005,2
1621,Severe Storm(s),11,2005,3
1623,Fire,11,2005,124
1624,Fire,11,2005,168
1625,Severe Ice Storm,12,2005,1
1626,Severe Storm(s),11,2005,1
1627,Severe Storm(s),11,2005,1
1629,Severe Storm(s),12,2005,4
1628,Severe Storm(s),12,2005,17
1630,Severe Storm(s),12,2005,5
1631,Severe Storm(s),3,2006,5
1632,Severe Storm(s),12,2005,34
1633,Severe Storm(s),3,2006,2
1634,Severe Storm(s),4,2006,6
1635,Severe Storm(s),3,2006,4
1636,Severe Storm(s),4,2006,2
1637,Severe Storm(s),3,2006,1
1638,Severe Storm(s),3,2006,1
1640,Severe Storm(s),2,2006,41
1641,Severe Storm(s),1,2006,8
1642,Severe Storm(s),5,2006,11
1644,Severe Storm(s),5,2006,10
1643,Severe Storm(s),5,2006,11
1648,Flood,3,2006,34
1646,Severe Storm(s),3,2006,18
1647,Severe Storm(s),4,2006,2
1645,Severe Storm(s),3,2006,31
1649,Severe Storm(s),6,2006,17
1650,Severe Storm(s),6,2006,14
1652,Severe Storm(s),6,2006,20
1651,Severe Storm(s),6,2006,2
1654,Severe Storm(s),6,2006,21
1653,Severe Storm(s),6,2006,17
1655,Severe Storm(s),6,2006,13
1656,Severe Storm(s),7,2006,8
1657,Flood,5,2006,17
1658,Severe Storm(s),7,2006,29
1659,Severe Storm(s),7,2006,54
1660,Severe Storm(s),7,2006,10
1661,Severe Storm(s),8,2006,9
1662,Severe Storm(s),9,2006,2
1663,Severe Storm(s),8,2006,10
1664,Earthquake,10,2006,92
1665,Severe Storm(s),10,2006,13
1666,Fire,8,2006,1
1668,Severe Storm(s),10,2006,23
1667,Severe Storm(s),7,2006,2
1669,Severe Storm(s),10,2006,5
1671,Severe Storm(s),11,2006,9
1670,Severe Storm(s),11,2006,1
1673,Severe Storm(s),11,2006,2
1672,Severe Storm(s),11,2006,3
1675,Severe Storm(s),12,2006,3
1674,Severe Storm(s),12,2006,13
1676,Severe Ice Storm,1,2007,10
1678,Severe Storm(s),1,2007,14
1677,Severe Storm(s),12,2006,2
1679,Severe Storm(s),2,2007,1
1680,Severe Storm(s),12,2006,1
1681,Severe Ice Storm,11,2006,1
1682,Severe Storm(s),12,2006,1
1683,Severe Storm(s),12,2006,1
1684,Severe Storm(s),11,2006,1
1685,Severe Storm(s),2,2007,1
1686,Severe Storm(s),3,2007,1
1687,Severe Storm(s),3,2007,1
1689,Freezing,1,2007,6
1688,Severe Storm(s),2,2007,7
1690,Severe Storm(s),3,2007,1
1691,Flood,3,2007,2
1692,Severe Storm(s),4,2007,4
1693,Severe Storm(s),4,2007,8
1694,Severe Storm(s),4,2007,6
1695,Severe Storm(s),4,2007,8
1697,Severe Storm(s),4,2007,3
1696,Severe Storm(s),4,2007,4
1698,Severe Storm(s),4,2007,6
1699,Severe Storm(s),5,2007,28
1700,Severe Storm(s),4,2007,12
1701,Severe Storm(s),4,2007,10
1702,Severe Storm(s),5,2007,35
1705,Severe Storm(s),5,2007,2
1703,Severe Storm(s),4,2007,1
1704,Severe Storm(s),4,2007,1
1706,Severe Storm(s),5,2007,15
1707,Severe Storm(s),5,2007,7
1708,Severe Storm(s),5,2007,13
1709,Severe Storm(s),6,2007,48
1711,Severe Storm(s),6,2007,29
1710,Severe Storm(s),6,2007,1
1712,Severe Storm(s),6,2007,45
1713,Severe Storm(s),6,2007,16
1714,Severe Storm(s),5,2007,5
1715,Severe Storm(s),7,2007,2
1716,Severe Storm(s),7,2007,1
1717,Severe Storm(s),8,2007,13
1718,Severe Storm(s),8,2007,25
1719,Severe Storm(s),8,2007,13
1720,Severe Storm(s),8,2007,8
1721,Severe Storm(s),6,2007,5
1722,Severe Storm(s),8,2007,1
1723,Severe Storm(s),5,2007,8
1724,Severe Storm(s),8,2007,1
1725,Severe Storm(s),7,2007,1
1726,Severe Storm(s),8,2007,1
1727,Severe Storm(s),8,2007,19
1728,Severe Storm(s),8,2007,2
1729,Severe Storm(s),8,2007,11
1730,Severe Storm(s),8,2007,6
1731,Fire,10,2007,162
1732,Severe Storm(s),8,2007,12
1734,Severe Storm(s),12,2007,16
1733,Severe Storm(s),12,2007,16
1735,Severe Ice Storm,12,2007,26
1736,Severe Ice Storm,12,2007,9
1737,Severe Ice Storm,12,2007,1
1738,Severe Storm(s),1,2008,5
1739,Severe Ice Storm,12,2007,2
1740,Severe Storm(s),1,2008,67
1741,Severe Storm(s),12,2007,13
1742,Severe Storm(s),1,2008,3
1743,Severe Storm(s),12,2007,3
1745,Severe Storm(s),2,2008,1
1744,Severe Storm(s),2,2008,7
1746,Severe Storm(s),2,2008,1
1747,Severe Storm(s),1,2008,67
1748,Severe Ice Storm,2,2008,4
1749,Severe Storm(s),3,2008,53
1750,Severe Storm(s),3,2008,2
1751,Severe Storm(s),3,2008,41
1752,Severe Storm(s),3,2008,6
1753,Severe Storm(s),3,2008,60
1754,Flood,4,2008,19
1755,Flood,4,2008,16
1756,Severe Storm(s),5,2008,3
1757,Severe Storm(s),4,2008,1
1758,Severe Storm(s),5,2008,10
1759,Snow,5,2008,1
1761,Severe Storm(s),5,2008,1
1760,Severe Storm(s),5,2008,1
1762,Severe Storm(s),5,2008,1
1763,Severe Storm(s),5,2008,80
1764,Severe Storm(s),4,2008,1
1765,Severe Storm(s),4,2008,3
1766,Severe Storm(s),5,2008,28
1767,Severe Storm(s),5,2008,1
1768,Severe Storm(s),6,2008,50
1769,Severe Storm(s),6,2008,4
1770,Severe Storm(s),5,2008,33
1771,Severe Storm(s),6,2008,51
1773,Severe Storm(s),6,2008,73
1772,Severe Storm(s),6,2008,6
1776,Severe Storm(s),5,2008,25
1775,Severe Storm(s),6,2008,17
1774,Severe Storm(s),6,2008,10
1777,Severe Storm(s),6,2008,37
1778,Severe Storm(s),6,2008,3
1779,Severe Storm(s),6,2008,1
1780,Hurricane,7,2008,10
1781,Flood,5,2008,25
1782,Severe Storm(s),7,2008,1
1783,Severe Storm(s),7,2008,25
1784,Severe Storm(s),7,2008,1
1785,Severe Storm(s),8,2008,25
1786,Hurricane,9,2008,10
1787,Severe Storm(s),7,2008,21
1788,Severe Storm(s),7,2008,29
1789,Hurricane,8,2008,5
1790,Severe Storm(s),7,2008,22
1792,Hurricane,9,2008,57
1791,Hurricane,9,2008,25
1793,Hurricane,9,2008,6
1794,Hurricane,8,2008,11
1795,Severe Storm(s),9,2008,24
1796,Severe Storm(s),7,2008,10
1797,Severe Storm(s),9,2008,2
1799,Severe Storm(s),9,2008,1
1800,Severe Storm(s),9,2008,22
1801,Severe Storm(s),9,2008,11
1803,Severe Storm(s),9,2008,7
1802,Severe Storm(s),9,2008,2
1804,Severe Storm(s),9,2008,10
1805,Severe Storm(s),9,2008,1
1806,Hurricane,8,2008,7
1808,Severe Storm(s),9,2008,6
1809,Severe Storm(s),9,2008,13
1810,Fire,11,2008,15
1811,Snow,11,2008,2
1812,Severe Ice Storm,12,2008,12
1814,Flood,12,2008,6
1813,Severe Ice Storm,12,2008,7
1815,Severe Storm(s),12,2008,18
1816,Severe Ice Storm,12,2008,7
1817,Flood,1,2009,10
1818,Severe Ice Storm,1,2009,18
1819,Severe Storm(s),1,2009,4
1820,Severe Storm(s),2,2009,1
1822,Severe Storm(s),1,2009,2
1821,Severe Ice Storm,1,2009,4
1823,Severe Storm(s),1,2009,2
1826,Severe Storm(s),1,2009,2
1824,Severe Storm(s),12,2008,13
1825,Severe Storm(s),12,2008,24
1827,Severe Storm(s),12,2008,20
1828,Severe Storm(s),1,2009,2
1829,Severe Storm(s),3,2009,150
1830,Severe Storm(s),3,2009,67
1831,Severe Storm(s),3,2009,40
1832,Severe Storm(s),3,2009,6
1833,Severe Storm(s),3,2009,18
1834,Tornado,4,2009,1
1835,Severe Storm(s),3,2009,9
1836,Severe Storm(s),4,2009,3
1837,Severe Storm(s),3,2009,3
1839,Severe Storm(s),4,2009,1
1838,Severe Storm(s),5,2009,36
1840,Severe Storm(s),5,2009,11
1841,Severe Storm(s),5,2009,17
1842,Severe Storm(s),5,2009,2
1843,Flood,4,2009,33
1845,Severe Storm(s),4,2009,26
1844,Severe Storm(s),3,2009,117
1847,Severe Storm(s),5,2009,8
1846,Fire,4,2009,3
1848,Severe Storm(s),3,2009,3
1849,Severe Storm(s),4,2009,21
1850,Severe Storm(s),5,2009,1
1851,Severe Storm(s),6,2009,2
1852,Severe Storm(s),6,2009,20
1853,Severe Storm(s),6,2009,21
1854,Severe Storm(s),7,2009,1
1855,Severe Storm(s),8,2009,1
1856,Severe Storm(s),7,2009,2
1857,Severe Storm(s),8,2009,2
1858,Severe Storm(s),9,2009,20
1860,Severe Storm(s),7,2009,6
1861,Severe Storm(s),10,2009,10
1862,Severe Storm(s),11,2009,5
1863,Severe Storm(s),10,2009,5
1864,Severe Storm(s),11,2009,1
1865,Severe Storm(s),10,2009,5
1867,Severe Storm(s),11,2009,4
1866,Hurricane,11,2009,1
1868,Severe Storm(s),11,2009,2
1870,Severe Storm(s),12,2009,6
1869,Severe Storm(s),11,2009,2
1871,Severe Storm(s),12,2009,7
1872,Severe Storm(s),12,2009,10
1873,Snow,12,2009,1
1874,Snow,12,2009,2
1875,Snow,12,2009,2
1878,Severe Storm(s),12,2009,17
1877,Severe Storm(s),12,2009,4
1876,Severe Storm(s),12,2009,1
1879,Severe Storm(s),1,2010,5
1881,Snow,12,2009,2
1880,Severe Storm(s),1,2010,7
1883,Severe Ice Storm,1,2010,2
1884,Severe Storm(s),1,2010,20
1886,Severe Storm(s),12,2009,4
1885,Severe Storm(s),12,2009,17
1887,Severe Storm(s),1,2010,6
1888,Severe Storm(s),1,2010,4
1889,Snow,2,2010,1
1891,Severe Storm(s),2,2010,7
1895,Severe Storm(s),3,2010,45
1892,Severe Storm(s),2,2010,8
1893,Severe Storm(s),3,2010,28
1894,Severe Storm(s),3,2010,31
1896,Snow,2,2010,6
1897,Severe Storm(s),3,2010,34
1899,Severe Storm(s),3,2010,18
1898,Snow,2,2010,6
1900,Flood,3,2010,56
1902,Flood,3,2010,28
1901,Severe Storm(s),4,2010,2
1904,Severe Storm(s),3,2010,66
1903,Snow,2,2010,6
1905,Snow,2,2010,6
1906,Severe Storm(s),4,2010,1
1907,Flood,2,2010,139
1908,Severe Storm(s),4,2010,1
1909,Severe Storm(s),4,2010,18
1910,Snow,2,2010,6
1911,Earthquake,4,2010,91
1912,Severe Storm(s),5,2010,31
1913,Severe Storm(s),3,2010,17
1915,Flood,3,2010,102
1914,Severe Storm(s),4,2010,1
1916,Severe Storm(s),5,2010,1
1917,Severe Storm(s),5,2010,3
1918,Flood,6,2010,17
1920,Severe Storm(s),3,2010,20
1921,Tornado,6,2010,9
1922,Severe Storm(s),6,2010,45
1923,Flood,6,2010,14
1924,Severe Storm(s),6,2010,89
1925,Severe Storm(s),7,2010,13
1926,Severe Storm(s),6,2010,2
1927,Severe Storm(s),6,2010,8
1928,Severe Storm(s),5,2010,1
1930,Severe Storm(s),6,2010,91
1929,Severe Storm(s),6,2010,8
1931,Hurricane,6,2010,45
1932,Severe Storm(s),6,2010,44
1933,Severe Storm(s),7,2010,4
1934,Severe Storm(s),6,2010,49
1935,Severe Storm(s),7,2010,19
1936,Flood,7,2010,15
1937,Severe Storm(s),8,2010,4
1938,Severe Storm(s),7,2010,9
1940,Severe Storm(s),7,2010,18
1941,Severe Storm(s),9,2010,22
1943,Tornado,9,2010,1
1942,Severe Storm(s),9,2010,4
1945,Severe Storm(s),9,2010,1
1944,Severe Storm(s),9,2010,17
1947,Severe Storm(s),9,2010,1
1950,Severe Storm(s),10,2010,3
1951,Severe Storm(s),12,2010,4
1952,Flood,12,2010,18
1953,Severe Storm(s),12,2010,7
1954,Snow,12,2010,1
1955,Flood,12,2010,4
1956,Severe Storm(s),1,2011,8
1957,Severe Storm(s),12,2010,1
1958,Snow,1,2011,1
1959,Snow,1,2011,1
1960,Snow,1,2011,3
1961,Severe Storm(s),1,2011,5
1962,Severe Storm(s),2,2011,4
1963,Severe Storm(s),1,2011,10
1964,Tsunami,3,2011,1
1965,Severe Storm(s),2,2011,1
1966,Snow,1,2011,3
1967,Tsunami,3,2011,1
1968,Tsunami,3,2011,1
1969,Severe Storm(s),4,2011,1
1970,Severe Storm(s),4,2011,1
1971,Severe Storm(s),4,2011,46
1973,Severe Storm(s),4,2011,1
1972,Severe Storm(s),4,2011,13
1974,Severe Storm(s),4,2011,3
1975,Severe Storm(s),4,2011,50
1976,Severe Storm(s),4,2011,38
1977,Severe Storm(s),4,2011,1
1980,Severe Storm(s),4,2011,48
1979,Severe Storm(s),4,2011,49
1978,Severe Storm(s),4,2011,1
1982,Flood,3,2011,70
1981,Flood,2,2011,156
1983,Flood,5,2011,45
1985,Severe Storm(s),1,2011,5
1984,Flood,3,2011,133
1986,Severe Storm(s),4,2011,2
1987,Flood,3,2011,11
1988,Severe Storm(s),4,2011,7
1989,Severe Storm(s),5,2011,3
1991,Severe Storm(s),4,2011,56
1990,Severe Storm(s),5,2011,1
1993,Flood,4,2011,12
1992,Flood,5,2011,5
1995,Severe Storm(s),4,2011,16
1994,Tornado,6,2011,1
1996,Severe Storm(s),4,2011,109
1997,Severe Storm(s),4,2011,48
1998,Flood,5,2011,68
1999,Fire,4,2011,145
4000,Severe Storm(s),5,2011,2
4001,Severe Storm(s),5,2011,1
4002,Severe Storm(s),4,2011,41
4003,Severe Storm(s),4,2011,3
4005,Severe Storm(s),6,2011,6
4007,Severe Storm(s),5,2011,51
4006,Flood,5,2011,4
4008,Severe Storm(s),6,2011,4
4009,Severe Storm(s),7,2011,10
4010,Severe Storm(s),5,2011,16
4011,Flood,4,2011,89
4014,Severe Storm(s),6,2011,2
4012,Flood,6,2011,61
4013,Flood,5,2011,69
4015,Flood,4,2011,73
4016,Severe Storm(s),7,2011,5
4018,Severe Storm(s),7,2011,2
4021,Hurricane,8,2011,9
4020,Hurricane,8,2011,10
4019,Hurricane,8,2011,7
4022,Hurricane,8,2011,6
4023,Hurricane,8,2011,5
4028,Hurricane,8,2011,2
4027,Hurricane,8,2011,2
4026,Hurricane,8,2011,11
4025,Hurricane,8,2011,4
4024,Hurricane,8,2011,2
4029,Fire,8,2011,123
4030,Flood,9,2011,42
4032,Hurricane,8,2011,2
4031,Severe Storm(s),9,2011,4
4033,Severe Storm(s),8,2011,2
4034,Hurricane,8,2011,12
4035,Flood,6,2011,61
4037,Hurricane,8,2011,6
4038,Flood,9,2011,3
4039,Severe Storm(s),9,2011,8
4041,Coastal Storm,9,2011,4
4042,Earthquake,8,2011,63
4043,Severe Storm(s),5,2011,1
4045,Severe Storm(s),9,2011,1
4046,Severe Storm(s),10,2011,1
4047,Flood,8,2011,5
4048,Severe Storm(s),10,2011,1
4049,Severe Storm(s),10,2011,1
4050,Severe Storm(s),11,2011,5
4051,Severe Storm(s),10,2011,1
4053,Severe Storm(s),11,2011,1
4052,Severe Storm(s),1,2012,1
4054,Severe Storm(s),11,2011,2
4055,Flood,1,2012,4
4056,Severe Storm(s),1,2012,9
4057,Severe Storm(s),2,2012,3
4058,Severe Storm(s),2,2012,3
4060,Severe Storm(s),2,2012,2
4059,Severe Storm(s),2,2012,5
4061,Severe Storm(s),3,2012,16
4062,Severe Storm(s),3,2012,8
4063,Severe Storm(s),4,2012,1
4064,Severe Storm(s),4,2012,3
4065,Severe Storm(s),5,2012,2
4066,Severe Storm(s),5,2012,1
4067,Fire,6,2012,32
4068,Severe Storm(s),6,2012,33
4069,Severe Storm(s),6,2012,7
4070,Severe Storm(s),6,2012,1
4071,Severe Storm(s),6,2012,9
4072,Severe Storm(s),6,2012,2
4075,Severe Storm(s),6,2012,9
4076,Severe Storm(s),6,2012,1
4074,Fire,6,2012,15
4077,Severe Storm(s),6,2012,3
4078,Fire,8,2012,11
4079,Flood,6,2012,20
4081,Hurricane,8,2012,16
4080,Hurricane,8,2012,15
4082,Hurricane,8,2012,10
4083,Severe Storm(s),7,2012,1
4084,Hurricane,8,2012,2
4086,Hurricane,10,2012,13
4085,Hurricane,10,2012,12
4087,Hurricane,10,2012,12
4089,Hurricane,10,2012,5
4088,Flood,9,2012,1
4090,Hurricane,10,2012,12
4091,Hurricane,10,2012,9
4092,Hurricane,10,2012,13
4094,Severe Storm(s),9,2012,15
4093,Hurricane,10,2012,10
4095,Hurricane,10,2012,13
4097,Hurricane,10,2012,12
4098,Hurricane,10,2012,1
4099,Hurricane,10,2012,13
4100,Severe Ice Storm,12,2012,1
4101,Severe Storm(s),2,2013,12
4102,Severe Storm(s),1,2013,9
4103,Mud/Landslide,1,2013,3
4104,Freezing,12,2012,37
4105,Severe Storm(s),2,2013,2
4106,Severe Storm(s),2,2013,3
4107,Severe Storm(s),2,2013,1
4108,Severe Storm(s),2,2013,1
4109,Severe Storm(s),2,2013,2
4110,Severe Storm(s),2,2013,1
4111,Severe Storm(s),2,2013,1
4112,Snow,2,2013,3
4113,Severe Storm(s),4,2013,2
4114,Severe Storm(s),4,2013,2
4116,Flood,4,2013,19
4115,Severe Storm(s),4,2013,2
4117,Tornado,5,2013,15
4118,Flood,4,2013,24
4119,Flood,4,2013,13
4120,Flood,5,2013,4
4121,Flood,4,2013,28
4124,Severe Storm(s),5,2013,4
4123,Flood,5,2013,7
4122,Flood,5,2013,25
4125,Severe Storm(s),5,2013,7
4126,Severe Storm(s),5,2013,26
4127,Flood,5,2013,15
4129,Flood,6,2013,14
4128,Severe Storm(s),5,2013,30
4130,Severe Storm(s),5,2013,12
4131,Severe Storm(s),6,2013,6
4132,Flood,6,2013,1
4134,Fire,6,2013,10
4133,Fire,6,2013,5
4135,Severe Storm(s),6,2013,7
4138,Severe Storm(s),7,2013,5
4139,Severe Storm(s),6,2013,7
4137,Severe Storm(s),6,2013,10
4140,Flood,6,2013,16
4141,Severe Storm(s),6,2013,8
4142,Fire,7,2013,3
4143,Severe Storm(s),8,2013,6
4144,Severe Storm(s),8,2013,12
4145,Flood,9,2013,19
4146,Flood,7,2013,10
4147,Severe Storm(s),7,2013,2
4148,Severe Storm(s),7,2013,5
4149,Severe Storm(s),6,2013,15
4150,Severe Storm(s),7,2013,25
4151,Severe Storm(s),9,2013,3
4152,Flood,9,2013,13
4153,Flood,7,2013,1
4154,Severe Storm(s),10,2013,1
4155,Severe Storm(s),10,2013,13
4157,Tornado,11,2013,1
4156,Severe Storm(s),10,2013,4
4158,Fire,8,2013,68
4159,Severe Storm(s),10,2013,1
4160,Severe Ice Storm,12,2013,1
4161,Flood,10,2013,1
4162,Severe Storm(s),11,2013,9
4163,Severe Ice Storm,12,2013,6
4164,Severe Storm(s),12,2013,1
4165,Severe Ice Storm,2,2014,4
4166,Severe Ice Storm,2,2014,4
4167,Severe Ice Storm,3,2014,1
4168,Mud/Landslide,3,2014,37
4169,Severe Storm(s),2,2014,4
4170,Severe Storm(s),2,2014,1
4171,Severe Ice Storm,3,2014,2
4172,Flood,3,2014,15
4173,Severe Storm(s),1,2014,4
4174,Severe Storm(s),4,2014,1
4175,Severe Storm(s),4,2014,5
4176,Severe Storm(s),4,2014,7
4177,Severe Storm(s),4,2014,8
4178,Flood,4,2014,3
4179,Tornado,5,2014,1
4180,Severe Storm(s),5,2014,9
4181,Severe Storm(s),6,2014,1
4182,Flood,6,2014,30
4184,Flood,6,2014,9
4183,Severe Storm(s),6,2014,7
4185,Severe Storm(s),6,2014,3
4186,Flood,6,2014,7
4187,Severe Storm(s),6,2014,11
4188,Fire,7,2014,27
4189,Severe Storm(s),6,2014,5
4190,Flood,6,2014,6
4193,Earthquake,8,2014,14
4194,Severe Storm(s),8,2014,2
4195,Flood,8,2014,2
4196,Severe Storm(s),8,2014,5
4197,Severe Storm(s),7,2014,9
4198,Severe Storm(s),8,2014,4
4199,Severe Storm(s),9,2014,11
4200,Severe Storm(s),9,2014,1
4201,Volcano,9,2014,202
4202,Flood,9,2014,2
4203,Flood,9,2014,2
4204,Snow,11,2014,9
4205,Tornado,12,2014,1
4206,Flood,12,2014,2
4207,Severe Storm(s),12,2014,3
4208,Snow,1,2015,2
4209,Severe Storm(s),1,2015,2
4210,Severe Storm(s),3,2015,11
4211,Severe Ice Storm,2,2015,7
4212,Severe Storm(s),1,2015,2
4213,Severe Storm(s),1,2015,2
4214,Severe Storm(s),1,2015,2
4215,Severe Ice Storm,2,2015,2
4216,Snow,2,2015,7
4217,Flood,4,2015,15
4218,Flood,3,2015,6
4219,Severe Storm(s),4,2015,2
4220,Flood,4,2015,3
4221,Flood,4,2015,2
4222,Severe Storm(s),5,2015,48
4223,Severe Storm(s),5,2015,49
4225,Severe Storm(s),5,2015,42
4226,Severe Storm(s),5,2015,39
4227,Flood,5,2015,13
4228,Flood,5,2015,33
4229,Flood,5,2015,43
4230,Severe Storm(s),5,2015,48
4231,Severe Storm(s),6,2015,1
4232,Severe Storm(s),6,2015,1
4233,Severe Storm(s),6,2015,7
4234,Severe Storm(s),6,2015,5
4238,Severe Storm(s),5,2015,73
4236,Severe Storm(s),7,2015,4
4237,Severe Storm(s),5,2015,21
4239,Severe Storm(s),7,2015,9
4240,Fire,9,2015,51
4241,Flood,10,2015,22
4242,Severe Storm(s),8,2015,1
4243,Fire,8,2015,32
4244,Coastal Storm,8,2015,1
4245,Severe Storm(s),10,2015,9
4246,Severe Storm(s),11,2015,1
4247,Severe Ice Storm,11,2015,2
4248,Severe Storm(s),12,2015,5
4249,Severe Storm(s),11,2015,9
4251,Severe Storm(s),12,2015,8
4250,Flood,12,2015,17
4252,Severe Storm(s),12,2015,11
4253,Flood,12,2015,13
4254,Severe Storm(s),12,2015,27
4255,Severe Storm(s),12,2015,26
4256,Severe Storm(s),12,2015,10
4258,Severe Storm(s),12,2015,17
4257,Severe Storm(s),12,2015,3
4259,Severe Storm(s),12,2015,22
4261,Snow,1,2016,1
4262,Snow,1,2016,1
4263,Flood,3,2016,31
4264,Severe Storm(s),1,2016,2
4265,Snow,1,2016,1
4266,Flood,3,2016,22
4267,Snow,1,2016,1
4268,Flood,3,2016,20
4269,Flood,4,2016,13
4270,Severe Storm(s),3,2016,5
4271,Severe Storm(s),4,2016,1
4272,Flood,5,2016,33
4273,Flood,6,2016,7
4274,Flood,6,2016,2
4275,Tornado,6,2016,1
4276,Severe Storm(s),7,2016,1
4277,Flood,8,2016,20
4278,Severe Storm(s),7,2016,7
4279,Flood,7,2016,1
4280,Hurricane,8,2016,11
4281,Flood,8,2016,4
4282,Mud/Landslide,9,2016,3
4283,Hurricane,10,2016,16
4284,Hurricane,10,2016,11
4285,Hurricane,10,2016,20
4286,Hurricane,10,2016,26
4288,Flood,9,2016,1
4287,Severe Storm(s),9,2016,10
4289,Flood,9,2016,12
4290,Flood,9,2016,3
4291,Hurricane,10,2016,8
4292,Flood,10,2016,1
4293,Fire,11,2016,11
4295,Tornado,1,2017,1
4294,Severe Storm(s),1,2017,1
4296,Severe Storm(s),12,2016,3
4297,Tornado,1,2017,1
4298,Severe Storm(s),12,2016,2
4299,Severe Storm(s),1,2017,3
4300,Tornado,2,2017,1
4301,Severe Storm(s),1,2017,9
4302,Severe Storm(s),1,2017,2
4303,Severe Storm(s),1,2017,9
4304,Severe Ice Storm,1,2017,3
4305,Flood,1,2017,5
4306,Severe Storm(s),2,2017,1
4307,Severe Storm(s),2,2017,17
4308,Flood,2,2017,22
4310,Flood,2,2017,22
4309,Flood,1,2017,23
4311,Flood,2,2017,20
4312,Severe Storm(s),2,2017,3
4313,Flood,3,2017,22
4314,Severe Storm(s),4,2017,1
4315,Severe Storm(s),4,2017,4
4316,Severe Storm(s),3,2017,1
4317,Flood,4,2017,13
4318,Severe Storm(s),4,2017,23
4319,Snow,4,2017,5
4320,Severe Storm(s),5,2017,1
4321,Severe Storm(s),4,2017,4
4323,Flood,3,2017,37
4322,Snow,3,2017,1
4324,Tornado,5,2017,4
4325,Severe Storm(s),6,2017,5
4326,Severe Storm(s),6,2017,5
4327,Flood,6,2017,15
4328,Severe Storm(s),1,2017,3
4329,Severe Storm(s),7,2017,1
4330,Severe Storm(s),6,2017,2
4331,Severe Storm(s),7,2017,1
4332,Hurricane,8,2017,23
4334,Severe Storm(s),7,2017,4
4333,Flood,5,2017,41
4337,Hurricane,9,2017,44
4338,Hurricane,9,2017,13
4341,Hurricane,9,2017,30
4343,Severe Storm(s),7,2017,4
4342,Flood,3,2017,78
4344,Fire,10,2017,23
4346,Hurricane,9,2017,7
4345,Hurricane,8,2017,13
4347,Severe Storm(s),7,2017,5
4348,Flood,5,2017,96
4349,Hurricane,10,2017,4
4350,Hurricane,10,2017,4
4352,Flood,10,2017,2
4351,Severe Storm(s),9,2017,2
4354,Severe Storm(s),10,2017,3
4353,Fire,12,2017,58
4356,Severe Storm(s),10,2017,1
4355,Severe Storm(s),10,2017,3
4358,Flood,2,2018,5
4360,Flood,2,2018,11
4359,Mud/Landslide,2,2018,6
4361,Flood,2,2018,28
4362,Severe Storm(s),3,2018,1
4363,Flood,2,2018,18
4365,Flood,4,2018,3
4364,Severe Storm(s),4,2018,1
4366,Volcano,5,2018,106
4367,Coastal Storm,3,2018,6
4371,Snow,3,2018,1
4369,Coastal Storm,12,2017,1
4368,Severe Storm(s),3,2018,1
4370,Coastal Storm,3,2018,6
4373,Fire,4,2018,9
4374,Severe Storm(s),5,2018,4
4372,Severe Storm(s),3,2018,1
4375,Snow,4,2018,5
4376,Flood,5,2018,1
4377,Flood,6,2018,24
4378,Severe Storm(s),5,2018,6
4379,Snow,3,2018,1
4380,Severe Storm(s),5,2018,1
4381,Flood,6,2018,2
4382,Fire,7,2018,58
4383,Flood,6,2018,4
4384,Flood,5,2018,23
4386,Severe Storm(s),6,2018,26
4385,Tornado,5,2018,1
4387,Severe Storm(s),6,2018,14
4388,Flood,4,2018,24
4389,Flood,7,2018,1
4391,Flood,5,2018,2
4390,Flood,6,2018,27
4392,Severe Storm(s),7,2018,1
4393,Hurricane,9,2018,22
4394,Hurricane,9,2018,30
4395,Hurricane,8,2018,7
4397,Flood,8,2018,2
4399,Hurricane,10,2018,12
4400,Hurricane,10,2018,14
4401,Hurricane,9,2018,13
4402,Flood,8,2018,28
4403,Severe Storm(s),9,2018,7
4405,Flood,5,2018,40
4406,Hurricane,10,2018,3
4407,Fire,11,2018,17
4408,Severe Storm(s),8,2018,5
4409,Severe Storm(s),10,2018,2
4410,Severe Storm(s),9,2018,1
4411,Hurricane,10,2018,7
4412,Hurricane,10,2018,2
4413,Earthquake,11,2018,1
4414,Flood,10,2018,2
4415,Severe Storm(s),12,2018,1
4417,Severe Storm(s),10,2018,11
4416,Flood,9,2018,53
4418,Severe Storm(s),12,2018,14
4419,Tornado,3,2019,1
4420,Flood,3,2019,127
4421,Flood,3,2019,95
4422,Severe Storm(s),2,2019,1
4423,Severe Storm(s),2,2019,1
4424,Flood,2,2019,8
4425,Severe Storm(s),2,2019,1
4428,Severe Storm(s),2,2019,32
4427,Flood,2,2019,39
4426,Severe Storm(s),2,2019,29
4429,Severe Storm(s),2,2019,182
4430,Flood,3,2019,19
4431,Severe Storm(s),2,2019,2
4432,Severe Storm(s),2,2019,3
4434,Severe Storm(s),2,2019,5
4435,Flood,3,2019,36
4436,Severe Storm(s),2,2019,3
4437,Flood,3,2019,21
4438,Severe Storm(s),5,2019,33
4439,Severe Storm(s),4,2019,1
4440,Flood,3,2019,44
4441,Flood,5,2019,24
4444,Flood,3,2019,38
4442,Flood,3,2019,47
4443,Flood,4,2019,6
4445,Flood,4,2019,1
4446,Flood,3,2019,19
4447,Tornado,5,2019,2
4450,Severe Storm(s),4,2019,1
4449,Severe Storm(s),4,2019,75
4448,Severe Storm(s),3,2019,13
4452,Flood,4,2019,15
4451,Severe Storm(s),4,2019,67
4453,Severe Storm(s),4,2019,1
4454,Flood,6,2019,1
4455,Flood,6,2019,1
4456,Severe Storm(s),5,2019,33
4457,Severe Storm(s),7,2019,1
4459,Flood,7,2019,2
4458,Hurricane,7,2019,5
4460,Flood,6,2019,1
4462,Flood,5,2019,75
4461,Flood,2,2019,129
4463,Flood,5,2019,17
4464,Hurricane,8,2019,6
4465,Hurricane,9,2019,8
4466,Flood,9,2019,6
4467,Severe Storm(s),6,2019,21
4468,Hurricane,8,2019,12
4469,Severe Storm(s),9,2019,17
4470,Severe Storm(s),10,2019,1
4471,Severe Storm(s),10,2019,1
4472,Severe Storm(s),10,2019,1
4474,Severe Storm(s),10,2019,1
4475,Flood,10,2019,17
4476,Tornado,3,2020,1
4477,Flood,1,2020,2
4478,Severe Storm(s),1,2020,1
4479,Severe Storm(s),2,2020,7
4519,Flood,2,2020,4
4536,Severe Storm(s),4,2020,1
4539,Flood,1,2020,21
4538,Severe Storm(s),2,2020,8
4541,Severe Storm(s),4,2020,1
4540,Severe Storm(s),2,2020,26
4542,Severe Storm(s),4,2020,1
4543,Severe Storm(s),2,2020,13
4544,Tornado,3,2020,1
4546,Severe Storm(s),2,2020,30
4553,Flood,4,2020,24
4552,Severe Storm(s),5,2020,1
4551,Severe Storm(s),4,2020,1
4550,Severe Storm(s),5,2020,1
4549,Severe Storm(s),3,2020,1
4548,Earthquake,3,2020,30
4556,Tornado,4,2020,1
4555,Severe Storm(s),4,2020,1
4554,Severe Storm(s),4,2020,1
4557,Severe Storm(s),8,2020,1
4558,Fire,8,2020,43
4559,Hurricane,8,2020,5
4561,Severe Storm(s),8,2020,1
4562,Fire,9,2020,57
4563,Hurricane,9,2020,2
4564,Hurricane,9,2020,14
